arrival_hour,duration_h,energy_kwh
18.69123,7.381663827399412,46.65433162927628
19.838518,2.4275852923364276,15.912080568224193
22.033833,6.080543720937437,38.37383465886116
13.194595,2.6683784792489478,19.15647606641054
18.08334,2.9787764334513076,18.088859930038453
17.916101,1.4200093025941813,8.79873303860426
17.906876,2.661551871883372,14.995398412346841
17.692966,1.953339440063056,10.03901562526822
8.347605,0.7236576000518268,5.1467581719905136
23.623108,2.783017385097013,9.387830731123685
18.352886,9.771383435328802,36.93952588260174
22.479517,6.75711640757819,15.95060968130827
17.973232,7.396846977712379,33.77152587294579
1.1592178,5.698895013713174,16.338195196539164
19.310627,2.7564538630222275,10.626107038855553
21.549465,4.945164046589698,24.12107699036598
7.956462,0.311879741538109,31.530143378674985
19.605038,6.341070249395237,38.152364284992224
13.790328,1.7242749307180443,12.090927419215442
19.8536,0.5735606349777016,2.6492406548187137
19.258627,7.211101488239235,51.30782620072365
10.052933,11.986225564910306,11.902359068989753
15.344493,6.12639331764645,32.013793522715574
11.841369,3.1569887612304752,21.14335209429264
21.330914,6.04349218595359,40.38750354349614
9.712849,2.333245375419242,16.291067609339954
10.96246,1.3724918151046666,8.24613536000252
18.149803,1.5593856883938941,10.69698288321495
16.967533,0.8615923695607731,4.528524745330214
8.598724,2.865096689085993,18.471629424989224
16.03151,0.6430314086201704,30.66155391573906
17.585396,1.8598278757577968,12.526958390176297
15.167303,0.4737766921033875,33.06328468799592
21.942677,6.7973794401602605,38.36426157057286
9.284267,0.5615913125872611,3.257094440534711
10.150278,3.3248845879692173,21.19446371406317
16.373718,2.5314815585066874,14.586306727975607
12.81171,2.78106861256063,22.182635008096696
21.14602,5.430558481034305,37.325142201781276
9.376644,1.348238265833093,4.239844027236105
9.026214,6.358410969302057,47.708634060621264
19.378357,1.5837967675882907,7.8168306531012055
21.72114,4.218631071170998,25.88893581956625
21.627132,2.70537439715945,16.419345851391554
17.325474,2.7254506070870494,16.74039897352457
10.699624,0.5503247771676009,11.996675097346307
16.382954,2.0067823208330404,12.783189685940743
8.861659,2.3471274279968606,16.763177370727064
16.557615,0.6918318173154774,3.834874247685075
22.617556,7.04597595103085,12.640875098109246
15.867316,3.608367607192033,19.677281355261805
9.094254,3.070408202819526,18.804622283875943
15.747473,0.7700641442690458,29.450234960615635
21.06984,5.2457802315014925,16.045389721095564
18.408396,3.2667933316363227,21.17875578612089
21.074198,1.0799390183430577,8.095347333922982
8.501244,0.4108163008186966,37.91848731040955
21.127136,5.209982721702092,14.567240422219038
19.984974,2.928703356977138,8.642093999534845
7.225381,3.5734888665874793,20.696065993607046
9.068212,0.6113852162100374,17.739508766531944
19.250376,0.41618575639815786,29.40262624680996
8.500886,10.39388141260379,22.26807396531105
16.359314,5.075511823913289,27.818843034207823
21.105963,8.110169810727239,47.329293305873875
22.30954,6.927294087873564,39.97615741014481
19.790731,5.86658266481426,35.34719459056855
19.48944,1.62153699108089,8.195789644345641
9.437464,1.1630091762252979,37.22958627402783
20.037937,7.591980256314078,48.667928249835974
16.848797,2.710269631743431,16.230788911283017
9.034147,5.918768879365589,20.91844347178936
7.872246,9.683417732152675,16.475343853831294
8.9536495,4.790596121309531,26.667273157536986
12.325213,7.464163521892494,35.96009663999081
7.970331,0.42870021932034025,3.5752810084447266
8.947166,1.2450252507482138,4.990449550896883
20.929718,6.764339170075124,14.180652341395616
19.241385,2.1152281568158005,11.51115559577942
9.391845,0.6172953847050666,53.69187889814378
8.290844,2.3471504205299745,14.219892685115338
7.9945006,2.92062956004507,17.896527191996576
18.086416,2.9207429691611067,17.477294766008853
18.933342,3.743215706807871,23.252320179045203
13.84272,2.5091348359340593,20.819658480882644
7.3878202,4.042733532198601,26.23517772614956
17.20625,0.502405541768401,27.878033016920092
21.134277,2.383377642130686,9.524119826257229
17.098255,2.4401070569414234,15.624050226807595
14.3980055,0.3101580979437049,3.481022743806243
7.8467836,0.5870193453071018,4.207898076325655
17.168827,2.2801455183865293,13.095950505435468
15.667642,4.989903166091276,30.051234356164933
19.507914,5.873983774797783,35.713854901790626
14.452804,4.945291748361455,24.098116031289102
15.350426,2.9668889831213487,24.516196035444736
16.540087,3.574618918519053,19.17151460081339
18.407164,2.5582419153075246,14.29725327938795
12.794614,3.158651680652466,22.24640425115824
15.97858,5.2986764181902,30.872197990119457
18.40558,0.45234341781845105,4.815770165771246
8.07509,6.3762115398711625,23.31681776791811
18.358057,7.112605204896794,54.24940764904023
16.652832,0.7393216516232738,17.283826721310614
8.432949,3.068284189895623,19.75428253084421
11.148147,2.993854874525633,20.045141630470752
15.218554,0.843100780158614,4.999797764793039
10.431552,1.985913179222908,14.641611565798522
18.166378,0.6536945065617975,2.806079608649015
8.791235,0.46837461198369656,20.02219017982483
22.230324,6.462695778210957,42.205024907588964
13.95119,0.45182783356660766,3.361301614195108
19.917408,3.2857015830237,12.811589467525483
16.894213,1.1627485682908445,6.94815133549273
0.024215698,3.2280773236809504,21.65163668125868
17.226768,4.521570123347143,23.368965806663038
14.639759,3.1287868658163482,19.26567088752985
1.0684128,5.942245498514837,16.391326407045128
9.406706,2.319906754468878,16.037627988904717
17.420784,6.6233899707264365,18.707185588479042
0.58374786,4.708550995410316,27.01188912242651
16.465012,2.9660062562757066,17.6234964004159
18.191942,7.590186838731169,42.38660551190377
1.739666,6.487061027694079,3.531339934170246
8.737143,1.2808017876288955,9.19737876072526
17.674301,1.9819631241758664,13.466970432251692
2.8128014,2.7409820632057054,14.737464156597854
22.082905,8.252928584573997,51.35180079221726
12.9640875,3.161688869992892,22.054442341923714
10.608346,0.3938111864501196,32.79495296299458
17.282223,8.073246288225056,26.11066101938486
22.765228,5.449994628553589,17.951059945225715
18.211222,6.27441178879804,37.9004745388031
22.434431,7.515152881882257,46.055536288023
17.878773,3.872331519350409,21.571066040694713
19.768173,5.690864405458171,36.8706201851368
1.0912819,5.25879928731256,21.44599213987589
18.990547,2.5566305737300876,10.144500256627799
17.461529,4.577599198027617,26.998463217914104
17.10362,8.051878767924176,43.77879193902016
20.819698,7.390894397315051,49.26073708295823
14.452016,2.0086012166283194,12.946105240285396
17.255863,3.105208333817621,20.039613428711892
22.783926,4.431559638273384,28.468419101834296
16.759867,5.801771685323781,35.60853191375733
13.118389,1.8115768021779755,11.000540492385626
18.827538,8.228989629083209,24.718001072406768
20.45522,1.8176706002280114,25.862582252323627
9.562967,3.193729275597466,20.224508672058583
6.0,1.2264005998284038,7.869873910620809
14.7596245,2.9697052577179335,18.643347884714604
16.741852,0.7488260346444116,4.64177776478231
21.724648,0.9436479042418714,2.8143369678035377
17.09444,3.7679121730518004,21.47070645362139
7.822315,5.317764570613702,16.974496543705463
9.697973,2.977117242548201,18.688182038366794
8.752053,5.407226652701695,25.20447712212801
8.710804,1.5624340632909701,12.591384665817023
18.831055,6.325096031659179,39.66158428370953
8.438408,0.5910823434053195,3.348371098935604
8.937483,0.7085043555674039,23.269096854627133
14.899256,1.3729866206314827,8.442194452136755
0.6797123,5.798734806693262,36.10715403318406
23.397371,3.9200372970435353,22.019831653237343
18.881157,4.026657401613063,26.087483268082142
8.395304,0.9317795625711894,5.945192054212093
15.675394,3.9866525689636667,22.75985191613436
13.156803,10.445858208677835,19.543849543631076
16.541443,1.3645318933534951,8.994936658889056
8.981521,1.2626433569244626,7.569786878749729
9.009765,0.5884328423512892,3.6985226346179845
16.030499,7.533686106411946,23.257568832933902
8.929293,2.94223321987523,18.314949499666692
9.3621855,0.3587731875988861,26.676462105214597
21.373674,0.4971861202352576,3.1208367232233285
13.547142,2.5156533744268943,19.486836991608143
8.813918,3.6483839361079866,22.65016836166382
9.972375,2.579572927194337,16.84965274691582
12.955691,0.0494444444444444,33.583540389537816
13.543485,1.6403941306885745,12.455359905064107
0.42492294,6.782931429487135,42.98133885145188
16.868979,0.657462563280844,29.81470643103123
8.318709,2.4517420554719864,16.2225023137033
17.72769,3.5180566656382544,20.327829184532167
14.80126,0.5328760467293775,3.1872543020173905
17.813053,0.7272897988640599,12.747850651443004
18.020767,7.075484070893791,48.55942183911801
17.382954,1.5785327203447619,7.845521868094802
21.900246,7.338230932346648,44.81646222293377
10.846275,7.081260168063971,33.76431087553502
13.857121,2.3163163461391294,18.725814506411552
7.847026,6.175491075722707,39.70013146281243
17.66505,2.6156047122635773,18.135698460936545
8.111773,4.8680529940128325,22.841843116283417
15.0725,3.4067025849264523,19.93279381364584
18.87482,7.461797776660985,23.020924904942515
20.204712,0.542016899159385,2.44290259225294
23.700947,2.8687127309830647,12.493976495712996
9.218843,0.5373140716852827,25.151745265722276
18.130991,2.2264893352654243,13.549373347461223
21.453175,3.5306578166244753,22.94380772650242
11.138707,9.336541813454694,19.247116135358812
21.622559,6.799075916252201,44.091219963431364
7.869459,7.324812614305151,22.86760906249285
17.157219,2.2453481837775975,9.66895890250802
8.7677145,2.6092652980320983,16.466185333132746
16.657192,0.6491425287475188,28.25323760420084
20.308846,4.52349714619004,33.28245782494545
20.65902,0.0494444444444444,2.6902426730841396
23.212343,2.463133612790455,6.338055224046111
18.747765,8.093257870492009,47.115083569884305
21.005507,2.429035375472158,7.026323949769139
14.23511,2.902789218607876,20.219176343977452
19.85499,6.6596815092778865,38.23517130851746
8.5907955,6.434269550244013,34.79870265245438
21.75938,2.2934842946918472,10.765643263161182
17.591782,3.127207838069234,14.655414955019952
14.990854,3.424310826063156,21.431411911845206
20.290714,8.546430755456289,47.41475508332253
8.751199,9.886866229284141,8.942166768759488
17.439648,6.458345839513672,43.31059679865837
15.381769,0.5847458809179563,26.074591737389564
20.255386,7.487151705068018,45.74264805555344
13.551956,0.6271164199601237,4.059420123547316
18.945808,4.322979575610822,26.148871600031853
7.5869207,5.696406848778326,27.209048340022566
15.311086,0.7646605105998201,24.34853387236595
19.529974,3.3188739048192897,17.837166057527067
20.538996,5.232804985787305,16.136921680867673
18.463715,1.9083818914968933,10.465324225574731
18.818508,4.680134399450487,25.25965454697609
14.364146,0.9395962470552572,30.8341148224473
18.206282,2.125305255872922,13.037514541298151
13.252874,1.3882326897006068,9.983034738004207
8.133554,1.424636705238372,10.052051684111357
15.876906,7.490080456650919,46.539199743866924
14.850416,4.039294905658397,23.84546751230955
9.466394,2.7688409348825616,18.18496164172888
20.30608,5.83269850662185,21.570651473104956
9.378297,2.556138564592434,17.390931589305403
17.759916,1.641973158435689,10.196450520008803
21.514317,8.009923609188862,23.601376581192017
8.136521,6.391803584421674,22.604562123417853
7.526482,1.6306619196281664,10.906062820702791
16.21398,0.5484790049653707,30.211379153728487
13.341467,0.8371192260624634,5.08064842864871
16.707232,6.286448690593242,38.4499287301302
14.664163,1.8235164517723021,12.32741160556674
9.031937,4.456114110089838,23.57167604625225
7.367922,3.2522875289205047,19.196594038307666
18.604303,3.544871552027762,21.20033421933651
14.207275,2.8080975780760244,18.14586297363043
18.703295,0.4599114955382214,27.70201674640179
18.329891,7.332432464063167,52.98736121475697
23.941729,6.279064980364508,44.26124972581864
18.37853,4.675105870316425,26.998292066156864
16.263453,2.784428629494376,17.328099877536296
19.527355,5.958162545628017,33.55722105264664
17.649637,0.7666057876497506,2.6063122284412383
18.207653,0.8008314937073736,21.78695496559143
10.084472,2.376177095392098,16.225867347419264
7.7170854,6.034229923627442,20.609039128422737
21.3583,1.1918702427070174,3.4210131343454124
10.6104,3.0116361810805063,20.414380628168583
17.11589,2.1893094770900072,14.173295668363572
14.832005,3.4267237992005217,22.31353947877884
12.221087,0.6310943612213142,16.019986046105625
12.625323,1.000919896227618,6.285251578986645
10.958757,2.518962124225994,16.970849109590056
9.014064,4.235950352094239,26.21568544268608
18.59813,2.348303464994662,15.844556445777418
20.258358,6.165105907792846,36.978384938240055
21.932045,7.757789976737564,17.965598336160184
12.105644,3.0642558359520304,20.360840555131436
18.220457,3.5240515025829273,18.394896387159825
15.454881,4.788460922828978,21.34404274314642
20.55971,0.24860846557214644,12.26688378661871
19.542622,7.962169982170065,21.69253244280815
17.466496,6.647749627431233,42.12757303237915
20.246777,6.561141726548472,35.0314424186945
7.902811,6.866235862639215,33.02555523395539
11.685043,7.370290601965453,22.793321593105794
20.093624,6.399667030746738,37.16045998096467
16.9159,5.211280556983417,23.952971734404564
15.45922,3.178492372470597,21.934843395650386
17.102257,1.903476558840937,12.949096592664718
15.704175,7.283604402186142,45.58304333686829
19.436703,7.456370917426215,31.741251464486123
22.556595,6.532367503485745,15.551849858015776
14.536406,3.352840711846947,22.121208642423152
23.792782,5.352556623154216,32.018650429248815
18.878143,3.9233264721184966,11.86381759494543
23.745188,6.614567673628528,38.062543842792515
18.981485,0.798734590222852,27.080965971648695
22.483232,5.994121003159218,17.80569695442915
14.817502,3.0233120379638336,21.272119069695474
0.099407196,4.930035270510448,28.695758079290393
7.461977,3.5396491399117638,20.36500524789095
10.969779,2.905845671962533,18.249250045120718
17.871204,6.370485156286093,39.669578972458844
9.578644,2.9939201236060926,19.03692846566439
8.262117,0.4810131258362283,2.102862084340304
9.850587,2.9135792415464916,18.602305693328383
7.1006594,3.5873117289278236,19.23462205708027
6.0,5.782086969878938,14.928490436226129
16.050568,2.9207476298097106,18.59030985683203
15.922319,9.72568235795531,56.9529055929184
21.298595,5.458790826019313,34.96527895271779
22.828377,4.568539829270707,16.24502208158374
19.336985,2.9087216028612515,17.835176893770694
9.652273,5.677845038937197,31.37582724928856
8.346125,3.7744001066188018,23.237968153357507
15.243662,2.3446288542801303,14.55773959800601
12.946675,3.473991165214942,23.305417159199717
19.529797,7.341530671558446,43.42942556202412
20.239136,2.743898075682421,16.64634157449007
20.24369,8.315625493857596,48.38183857917786
22.208834,6.676700955140921,21.278917597830297
19.069056,2.892163250500129,19.142249552011492
19.314964,5.948250899596347,12.517785606831312
20.394938,2.842777153630223,8.685094927698374
8.682962,0.6242399841578056,4.862804570347071
18.154367,3.1113001122532618,19.045257851183415
1.9591618,7.041002106840411,56.2539750635624
20.210983,2.135494210496545,11.59368497312069
14.422043,0.7665381305675125,4.447303252667189
12.31788,0.5107939713199933,21.65996987015009
19.50054,5.029975733500388,12.653258878588677
8.408175,3.4473807259442077,20.815478574633598
17.038666,1.7206273517654174,10.877776189446449
16.834978,3.176677826614015,19.40169279575348
1.3384247,4.068656059735351,24.37213760137558
9.997385,4.44903520627982,26.12750615566969
10.033704,3.070963130713337,19.841571828722955
0.627388,1.0637294378524853,5.7589190392196175
22.599762,1.6024687240914337,9.66953131005168
11.124918,0.5139258495045618,16.21511806622148
16.044334,2.276835215037895,14.254317008554937
18.465683,2.991919151805341,20.998761188089848
17.853165,0.6950682493837342,14.850280739068985
20.909195,5.200725120024548,36.132598594427115
18.60126,2.3288991652408404,11.517058429718018
9.682106,3.330211398613949,19.60250705420971
13.5068035,10.876645687686073,10.72698483541608
17.95502,5.168826398137543,31.351983907818795
18.229858,2.327796300426125,14.40080674842
12.824344,1.038051827399888,0.59
22.449598,8.498642950347728,54.33185715556145
18.737358,1.316067051357693,8.959385586380959
16.662426,2.0973778726615837,11.000156351774931
18.148216,2.5348456146692238,11.890964165329933
18.46415,1.1428919525899819,5.239236696064472
22.620766,7.09835666998393,43.55136928737164
12.423319,2.4561701377108696,18.449961612522603
18.54298,7.532916788682341,20.159756257236005
21.028904,6.480597640209727,37.839331524372106
9.464994,3.0124110915884375,18.46229214578867
19.28346,6.295662482173906,39.96025931358338
10.07881,3.3979520618170493,20.786131753325463
22.861689,7.265941165395908,64.4
12.714324,0.8331670737235496,14.634983238577844
18.751625,1.673713573625104,9.18569289907813
8.865196,3.3462148230812616,21.41102013081312
12.042706,2.829466962636345,19.739002482295035
7.871008,3.86691677780201,25.655300359129907
5.5968647,5.609320454638865,5.305107302367687
20.916801,3.8196966396934453,21.597626891732215
21.818792,6.2440541880495015,35.420158486366276
19.045574,0.672180658540585,12.052019870579244
16.538279,1.7526851571247808,11.704623640477658
15.987656,3.2395456263464357,21.482263000607492
16.823778,2.6328466264199877,14.461093053221703
15.6002655,2.8219108084092532,16.82183107793331
22.155788,5.424850740043653,32.029412071406846
16.217278,3.456168534242444,19.881628946661948
17.847097,3.034343482500149,17.900541651546956
21.895432,4.045904948218829,28.1982541513443
8.61022,1.148264437591036,8.163613113984466
15.996117,3.1413376817976433,19.41279293805361
14.042792,3.1829684593901035,25.2644505995512
9.660548,3.216055957381096,21.60705164849758
8.9147,3.1027720574372344,19.485110260546207
23.625856,7.237357718216048,43.51195493936539
15.954089,2.492582076351262,17.517361392378806
20.955374,3.7223428366788553,26.665574951767923
16.100195,2.256883289073077,13.742823326140643
12.1363,2.034643833544105,15.121790181696415
13.889044,2.581146051453219,20.6137115713954
12.016162,3.1304146750188533,21.474034404456617
13.712142,2.7433589939938647,20.019428931474685
8.951933,0.3388497886873988,3.0507127580419184
8.055658,4.109643978530333,23.6779555824399
13.423963,0.6023787846535237,3.349207127727568
16.563437,0.8929789638436502,5.658818081468344
23.327255,2.1302265900890855,14.963799994587898
16.15148,4.612430710726314,23.91302301257849
15.637674,0.6782518912836287,4.358258698433638
19.146862,6.069247551560402,14.780315802395345
6.1934767,6.817289730997548,18.6986793461442
8.526125,7.126920853149559,29.532104452848436
14.370869,0.673546383936579,19.54851247817278
18.50039,1.8599616363727383,10.267731423527003
17.48917,0.8254978987678057,4.566256814189256
18.216806,3.2719647873275806,19.104879516661168
14.894911,0.9308661531222362,4.734875763133168
1.4007607,2.2032345629897385,0.9294690512120724
20.356136,2.8471475991813673,15.366632278859615
0.05447769,6.594037827236784,25.672193037569524
19.22797,6.7921843705160745,40.309743595123294
18.929035,7.3964641831070175,43.27570085704327
8.990526,1.0406461774454348,6.8996711739897725
10.160395,0.527845109593537,28.11407791376114
18.12976,0.10956523847015984,22.622070948183538
11.793951,3.100520342741575,21.287813685834408
11.2277775,2.233285959124979,15.811649667918683
20.305717,5.921012826313574,14.72024628981948
20.166363,3.0118235391543973,20.50920250505209
9.649353,3.133357719257474,18.94954788684845
17.198631,8.782822581181923,31.404942064881325
20.807636,7.831786162497268,38.813253483772286
15.056105,3.8823146286606782,21.345316872894763
9.4159565,0.5928364561849997,4.477608048394322
8.749534,6.577460210861431,24.757706378400325
18.183142,9.967374894693494,40.635091675519945
20.994896,9.659053104089367,61.47568966567517
20.484344,6.443165796299775,34.103157124519356
19.073921,2.091060208123591,12.654411300420762
21.562346,0.3239331497971175,15.13424052119255
9.481096,2.9958642354938716,20.029892008900642
0.16567993,4.363703390984899,25.722237811386584
8.810083,6.8188662730654075,46.320330876708034
8.782816,3.3273674708356458,20.798623929917813
10.297109,2.7009073208272456,18.02384508252144
20.713436,4.814571429859432,34.296748778820046
20.47258,6.871012716748647,36.718466272950174
10.526585,2.8287144232417143,19.135460532307626
19.195492,7.02151686715583,47.33841759622098
22.36843,5.632779674033324,31.923195290863514
9.354357,0.977804555022675,6.313767363429069
17.51185,3.162483665934867,22.682354400455953
18.260975,6.089366639455159,35.405983317494396
0.24474335,5.641398766852087,16.55116978734732
17.96721,5.293381921375791,27.0510239225626
19.628561,7.619919912566741,17.566299384832384
1.7373009,7.343137663197186,41.55510083138943
20.43205,3.0804957106585302,20.470596373677253
21.068703,5.200676959988971,35.47414355397225
23.389763,6.137552774664428,17.265492564737798
13.640685,2.898870855971343,20.95851580321789
9.379643,3.5772807702918845,21.92586743682623
17.512463,2.974756468675203,21.15736942321062
23.985172,7.134206379047698,42.58776587724686
18.351383,2.5651298878797224,9.992940621376038
8.533639,0.947856081544111,5.967057642042637
20.704506,5.070971109333137,32.324040313065055
16.244637,0.6838171717819447,25.753123096823693
10.355596,3.1300778654797208,20.52262080281973
20.45323,5.71487358138793,35.49563641130925
12.506857,3.452794846072793,23.429694253504277
8.83089,3.3232732463917793,20.519905194938183
16.908329,2.470445393675731,15.940342477560044
16.057217,2.888299262097312,21.518879968225956
7.5476565,5.139605374228623,16.199289381206036
17.499874,3.6823588215932244,21.170011833012104
22.026985,6.313572422630257,42.37508890032769
16.747892,9.146124489820666,53.18615207910538
21.548666,7.417850967422127,19.935743328928947
15.0746355,2.8289235310090914,20.082612455189228
9.026877,3.202648824896249,20.710495988428594
12.078371,2.941557736537523,21.585562594532966
13.776411,0.47908649138071463,3.4971813713759183
17.623913,2.3351751946513026,9.056249874234199
16.775867,2.2791720642480584,13.24973796606064
11.098405,5.52598495049609,35.82383321762085
19.446745,1.046131527820188,24.3762110131979
0.11776161,0.9220791215987668,2.6752645172178746
7.7251687,7.056471110267771,23.279481962919235
19.80602,5.290949684224194,15.013088848143816
10.920274,0.7274248023186292,16.37381472975016
9.596845,5.6714997212174865,35.95928652167321
10.599882,2.058819394629035,14.79234491840005
14.056355,3.041214832092325,22.08868030011654
22.968498,6.72902885340982,37.017765055894856
8.322658,4.126287154696054,25.88379936516285
7.9964075,0.6711595492701355,4.452030606828631
15.508868,3.7537559189813,21.691819310486316
12.835632,2.8492635336476893,21.389407467246055
9.034851,3.411794498881532,21.698496130704882
8.5253525,0.6079953711252245,16.769245651364326
19.911743,7.244448739712436,39.88133553326131
22.460354,6.566658691656258,45.45290714740754
16.111004,4.312367278738981,22.464084564447404
11.132561,2.4172810643373266,17.008249571919443
15.868415,2.0429975801023343,12.9248824223876
11.155237,9.685311819745435,20.240395358502866
8.347771,0.5113408984337001,22.191139348745345
15.665482,2.436853768860714,16.15390659108758
13.84893,7.6431535565687545,39.15012958586217
10.512463,3.2735745753554832,20.920242466926574
10.621113,0.6042623469481865,1.7549081847630443
17.687532,8.479987306114701,26.010155002474786
8.474682,1.6225907637303072,11.530650731772184
18.122948,5.165194510035216,29.974503220021724
8.81488,6.94931161329978,27.304802043139937
20.2778,5.729122737720608,34.83569425225258
17.787418,10.852488613840606,50.16715678930283
12.760162,0.7206159054177502,34.31934841752053
19.124126,1.7516748838623364,8.245144581496715
16.277288,5.734666423880391,36.49115772247315
17.133251,2.924124425078432,17.633543008565905
21.557184,2.9616255572976335,7.83690722964704
14.601002,5.035740334404011,25.067040359377863
7.903032,0.4573713255326987,4.037035137675703
4.7564697,2.2455810608528557,2.350474819429219
9.938934,2.1100831114666327,14.528412744402885
8.513717,6.389921925225191,24.0286607465148
8.382177,2.299382500855459,15.56717079281807
15.919003,2.083367030827535,13.959695422798395
15.365007,8.118196690463357,52.572375254035
18.69482,2.3505980576574803,13.347764184176922
8.969346,5.2231965926248165,27.066988578140737
12.153269,0.8409776993644319,19.328795458972454
18.917025,2.695071256645024,17.650831237733364
19.646091,2.9848498800024386,15.243749120533467
0.37709045,5.876355734227432,39.54146998047829
23.400196,3.041548534532388,19.354046048223974
9.7112465,2.7402835873348845,18.07781874001026
21.04434,4.327509726054138,25.236699292957784
9.03637,3.1155092993626994,19.888309570252897
16.628223,0.7006656106799426,31.489319881200792
8.040712,7.3404972504079335,25.4363896548748
11.171294,3.0689730337593293,20.970745547115804
0.21343994,7.170817327383491,20.297156887948514
16.585009,3.10568806991395,21.288159792721274
0.83441734,4.4764078169523005,24.654707250893118
21.652042,3.0303176142358117,20.181397446095943
22.062252,5.515670624425013,14.660168219655752
8.953446,6.597173511617713,25.271298571527005
20.369072,4.932225775354438,33.93747842013836
11.737909,3.2770952293111213,21.933380998969078
17.745579,2.356203885798653,13.307169839888811
13.274915,0.9100193049479275,4.83846251167357
22.58374,4.352707056668069,23.408785213828086
16.101622,8.07388013643523,22.096733941137792
20.575533,7.015545644164085,36.83612359762192
10.168145,3.2073619834747573,21.20106256514788
18.936686,2.3807280633991788,14.13972805455327
7.797525,5.533221384228931,38.71273795843125
8.152903,2.1355311849754717,13.934162433147431
20.043201,7.740932721445957,50.38877549469471
22.094856,8.10104426076015,23.822633966207505
10.176368,0.5180770115388764,18.23843325406313
10.271358,3.115152293679615,21.248498225510122
19.005108,6.074354379591014,35.70493599355221
16.923962,2.8683171972715193,16.97026148855686
19.889153,0.5606181691586971,22.002031870484352
23.79076,5.869797890931367,15.812980848252774
23.474789,5.39927372192343,16.995434108674527
17.22537,0.6640111629571765,3.099940044507384
16.572407,7.056661886150637,18.252973546683787
9.4318905,3.456674991390771,23.385042661726477
11.433965,0.8371587638981226,19.175257119238378
17.62164,0.7482412009220569,4.022092876136303
9.731733,2.395891017568194,16.3904088434577
8.672954,11.100203951415088,13.783915912210942
21.59914,6.098246728595759,39.96125579714776
12.377243,0.29836857949254203,2.6210058445110915
10.589302,2.620315695872737,17.759972811639308
13.671729,2.756088778881563,20.178601967394354
9.942885,2.553309861599571,17.173026877045633
20.766304,3.0425953162088986,18.734307436943055
12.9739,1.1070532737279102,6.292793666422368
7.791094,2.0334241418043772,13.373939943760634
16.890867,2.817098844080335,17.520069393515588
9.270163,3.869159792620274,22.99660994529724
14.629505,3.740986363225513,21.289605074226856
20.103418,2.6355925252226493,16.452526472061873
14.35722,0.6341148887429799,30.205377432107927
17.48772,0.7530888968902743,25.12444846212864
18.297874,6.623285572197702,40.053457150459295
21.419147,6.19608927829398,39.831248922348024
13.961691,3.378144305249055,25.523591475188734
21.217957,0.41626824987845285,11.442033106088639
15.986677,0.49925269066511335,34.244440998435024
9.792791,3.363404537973304,20.940476408004763
21.890558,6.938935766667127,39.36643117666245
17.035353,2.893554609463447,17.344190044403078
13.9228325,2.7278486661488808,18.103917481303217
19.164589,2.7238290120826827,16.20136792421341
17.664972,1.664738717962884,9.93477089330554
17.148947,1.912414129314323,12.724110001027585
16.277008,6.47245144786934,12.58518516883254
16.583767,0.606889321533963,24.00896117925644
19.858341,5.138875827367107,28.422554234266283
11.422201,6.952057667457394,15.775468186438085
11.833899,3.2319024733453983,21.07535159945488
8.788685,2.683514712365965,17.161285866498947
18.428167,1.6696774519338375,11.70780896484852
8.467644,1.6345109939554499,13.094548011869193
21.113335,6.610245077403055,15.353826324045658
19.12629,1.264881322706739,8.960079701840877
21.70989,7.305007964836226,42.16677439153195
9.488745,5.145793472735417,25.972948512136938
8.652358,0.5381231602829777,3.7082818504422903
20.184649,7.350379689708351,48.048541450500494
15.407298,8.94568615026772,63.597515050768855
18.617163,6.390604244180851,14.824554728269577
16.919998,1.7614821313652727,11.530263738632202
12.746559,0.4571384096187021,0.59
18.694384,8.422453152644966,57.687804614901545
18.204815,2.8312488839526972,15.518800453692675
10.250022,0.3652868518300561,29.200537858605387
9.312048,2.7203916283821066,18.02794511795044
12.445271,6.1977391478998785,40.21296678483487
17.235493,2.9580492862686514,18.493348582983018
19.973064,6.898615563462178,15.111418385207653
10.718442,4.603708462218443,27.839173961281777
21.555836,0.3299977411159003,15.574946787655353
14.5741005,3.1488587258052494,23.58039337575436
16.864292,7.58902478367918,51.64439042627812
18.770866,0.572737797466624,2.22210814896971
15.466469,2.3282014661447867,16.919267773330212
7.9358616,2.204435146070189,14.484816588461399
0.036701202,1.2577530160215165,6.870166512727738
16.582611,0.43618960975617577,28.640803151726722
17.304544,0.9276146516234923,4.022447302900255
13.366594,4.621471436888807,21.59133231043816
19.32697,5.442134289327594,36.27014375329018
21.638176,5.901852589191662,15.944451070576907
17.480333,0.6408478559103483,17.8098540404439
8.339484,5.2771280647234775,35.74811568021775
8.40826,2.582308417215115,16.147744176983835
17.30688,0.7931975066485918,3.332288063392043
20.71349,9.864068821991484,41.47086373984814
8.6905985,0.6663642079212392,18.410556772947313
22.583292,4.861099306295315,13.546023527234793
19.064997,6.735149217156899,40.87965612649918
8.0695,6.858573756333854,22.70306756645441
10.211742,2.515032265322904,16.968603218197824
18.759443,7.986047417099276,44.44762257933617
21.294527,6.2614912280274755,37.288333163857466
19.468708,6.150505027845501,37.62215135455132
19.087093,6.5981969900512025,41.987936018705376
0.30579948,6.536959174490637,37.59025247037411
17.26219,2.28304785962734,12.023211226463317
16.605862,9.03185532876187,29.86157538890839
8.231178,1.465490086643646,10.643357234299183
18.728237,6.885973398768239,38.8476283633709
10.753308,2.44903437398788,17.669481074213984
19.467554,5.739172338950965,34.802878755331044
17.615791,0.6320442790843339,2.485444382056594
8.005656,0.37483667617508515,1.6402611104771494
8.677138,2.863343663790987,18.49323067843914
16.39209,6.091070572584867,34.64280622184277
11.270683,2.75929592654109,18.524186326265337
18.055416,4.5249046620685185,20.470788443982602
13.793486,4.186527902165221,23.319432586431503
23.03824,8.350892311135928,12.47363891273737
19.58168,5.76387936933173,37.209481647610666
15.355943,5.848750401834646,35.15298298656941
18.366018,4.737357843013273,31.540878397226333
19.638615,7.163597050565811,42.786629005670555
20.233719,0.4826469550431809,13.025735497027636
8.7057085,6.512082496500677,26.144261912703517
15.477069,0.5935379614774137,21.10777344733477
23.991173,3.0905664401625588,17.022561662197113
17.6702,0.6238639474929206,3.017337214536965
22.496378,5.2240283630457185,5.314794491827488
16.302505,3.7105265389175877,21.567861699461936
13.21307,2.917151784056591,23.031218732297422
15.07892,0.6890382633808378,5.376334007829428
11.519146,0.616601297611681,4.240965546667576
0.10704231,9.09295829622282,30.28478994578123
14.803601,2.511494988387243,18.43351392865181
18.855042,1.0397814717743958,3.7883212074264883
19.518076,0.7925872723913441,4.8674646523594856
8.946778,0.4542030942890172,38.456983985900884
19.815952,2.739893646401663,15.20382987484336
18.912785,7.831110679159561,44.92525008320809
17.759632,2.3348511242183543,15.517149790078403
10.313202,2.799643782927758,18.59053235411644
17.693552,8.344913009686604,53.03525327980519
20.713232,1.8816018046169645,7.620991205722094
9.9477215,3.0230706163661347,19.781836062073708
13.040304,3.7619654961427047,26.16856926560402
10.170593,2.978887356888089,19.600917244553568
18.188185,7.254016740587022,18.70251124382019
20.724697,4.569719594787392,14.30127724736929
17.078888,7.381858953220976,40.00667186677456
17.912647,2.178556739340226,12.696556469798088
16.788826,8.320013960583342,26.860655626356603
15.35917,5.34943895994789,31.352757894098758
11.990131,0.6493859699596133,0.59
19.592709,1.3917648399228022,7.220971515327692
9.66513,2.7520054292844396,17.67022273182869
18.517271,3.191263171066012,18.677003926932812
10.375069,2.6110464425736826,16.58346612393856
17.718988,7.473595431827836,19.62615262031555
23.09614,6.795487216826942,41.85874686896801
17.063509,3.4117960524310664,21.75827373445034
7.98385,6.542763856972257,25.544146801233293
14.700453,1.143998468246104,7.379161854907871
18.728605,6.7439360933254155,44.48014901995659
9.658282,2.861879287999537,19.51108919560909
9.236459,0.5812950201751663,3.998535976149142
16.973837,6.151135768956608,43.2428701466322
13.548182,0.49388307973069856,12.039386018365622
13.457618,0.6362279103039246,25.95398109406233
13.598525,0.3605568178197265,2.878706905990839
8.73366,0.37989814055928334,22.65804894924164
8.952597,1.7756060716054505,12.282336888611317
23.029125,7.445951571406589,17.60457842618227
15.450504,3.4006536844579704,19.609480537474155
14.223719,0.577134070778783,3.69923885717988
10.044434,2.242404518119163,16.009716940671208
8.855425,3.154699450636075,19.75796609699726
19.264177,2.4435337211502093,14.315257493406534
8.354019,0.7907093417137446,5.10216125369072
10.0242,3.64369501290222,21.842552663087844
8.991977,3.614408118493027,23.857440528571605
16.818937,2.727517449388073,19.02276470690966
20.626501,4.990265453842778,32.60872083425522
8.398928,9.614286020696163,22.243901632130147
9.760237,2.894149308225347,18.76139505505562
19.563334,6.255308722299006,39.90210574984551
9.972528,3.32003067780286,20.83019192069769
19.376125,6.323690380040142,13.280109796226025
17.417593,5.566153527266449,28.247121781408786
18.273518,7.066210623010992,41.816803278326994
15.792245,1.3592721960486636,8.484914406165482
18.90487,2.7836885184960227,14.985692206025124
15.807858,4.95459502439532,23.212940061390402
20.200352,2.6039299428649247,11.091715885996818
7.957772,4.756347500396271,16.604150764644146
18.671982,3.800066298482318,21.7631268376112
9.450403,3.0585819623412354,19.311628937721252
12.093481,0.4495279588353716,17.11050133675337
18.949171,2.289370495523843,14.257182849645615
18.422274,2.6441530492239522,19.371410344839095
19.2192,5.778787852086954,34.33982577443123
8.01572,0.12371105948456611,5.84845898270607
16.239834,2.9733138425772383,20.110907644033432
10.684655,0.3847148043755441,12.404526882320642
17.542461,2.758811529796157,16.488876252770424
9.2421255,4.134525938588712,25.052488656640055
18.892609,7.087563850656151,46.84906049191952
15.886629,5.801694629266858,33.56493048846722
9.585759,2.3578605910225043,16.539361266940833
19.528965,7.65425832864311,23.475644696950912
8.421737,4.549992933505111,27.6658105430007
23.178543,2.955667073412074,8.60077986702323
18.655392,6.8605585712194435,49.906024848222735
18.656101,2.5741252503958014,16.203241085112097
19.795845,6.878062724537319,43.51549968242646
17.122461,3.1878764330802687,17.74216161876917
0.96725464,5.51693583516611,35.034131402969365
1.9490128,5.615496746169196,32.80618812501431
9.116759,5.437477369242243,30.654532890319825
17.141098,7.525899094723992,49.34795601844788
17.8406,0.6680654223392614,29.92457825243473
20.848347,5.716323975233568,15.451193607896567
18.737984,1.4860822303717334,6.541679699271917
5.956745,4.482447085413668,0.59
8.778616,3.616013245872325,19.157470648288726
19.799576,7.581699486912952,43.0233280825615
17.681728,6.164407431922025,33.36528386533261
20.871185,0.5554013886597627,20.06514356583357
18.417187,0.5060113690772818,2.4097249429672956
17.375608,3.4834771386740933,23.183121621906757
18.333149,0.0494444444444444,24.333274742364885
21.877085,4.773023611812127,30.16894112467766
10.41775,2.8842979399156237,20.325313253700735
8.302307,0.4923703885487177,15.005318558365106
8.94519,0.7766561656548744,8.630093408823013
21.120466,6.409667539811796,2.8752410829067228
9.042666,3.1944998361667,20.263055851161482
8.704603,3.8043901375474203,24.155410032868385
10.236805,3.0138850993870028,19.735900832116606
8.8574915,9.631019613444805,44.3833417826891
14.000233,2.7716214778398474,20.515162389576435
9.3077345,2.164315040045314,15.031729176193476
15.726188,1.290810297474058,8.151983827501535
21.649332,5.5767841560228,11.564283953756094
16.957134,2.1611686361725955,13.78782958239317
9.733107,0.40182532708005353,2.13456711538136
13.9872055,0.48446981238977355,2.869430480748415
8.164347,5.029492890304989,28.036546167731284
18.162945,7.107064004416267,29.609033364355565
11.275243,3.107914617107146,20.778017258346082
8.346292,6.103180801918109,22.408652313649654
18.152637,4.047869877670374,24.597915294468404
7.4399657,6.41755025015109,20.459564692080022
12.141542,0.8148511130962934,3.627196090631187
16.604128,9.0251452376114,60.578637665510186
0.8814697,7.358768235776159,42.201883322000505
15.269014,3.0491739770687287,20.753919090926647
19.066313,2.4451310807818336,14.305745259076357
19.724356,0.8977183774092958,3.0386199355497956
21.53496,6.970227982815769,16.887321346998217
17.004255,6.844541475516226,38.330651168823245
8.3137455,3.4170523319269215,19.979765462577344
6.0,2.3368362498138513,0.59
20.30666,6.148166625085803,33.82904807686806
3.6909237,7.29933937329385,21.393446648716928
14.257376,3.846044218382901,25.942694586515426
16.411518,2.775882864213652,17.09503682464361
19.126654,2.36056734037689,15.669943619668484
12.682678,0.5379781364339093,32.44023714274168
23.735216,5.315786591346065,33.80680975854397
7.7917423,6.566641913321282,31.931336409449578
20.401459,7.221929107076591,19.483286543488504
8.388783,3.9883909908930457,24.987821817696094
19.589108,3.658200504908131,22.40252317905426
0.91901016,7.064459461975428,45.28489317238331
17.880087,2.8668344895955586,18.19301147937775
18.169422,3.1796506990037026,17.95587121129036
8.141173,1.081569546257249,7.200737574249506
18.58087,2.5988513894358443,14.711861755400896
13.730814,0.3144719554530456,6.353359043672681
8.039077,1.536759016195105,4.73911747418344
9.123964,3.1907501890096395,21.13352037668228
7.608823,6.20692062565022,27.053231780231
13.167268,0.18567547501737455,0.59
16.622353,2.8868684429758122,17.64948294222355
16.18906,2.215480417197363,15.240132113397122
17.711353,4.775770287389556,26.927391499876975
14.630917,0.4511253184669961,4.005426022931934
21.172388,6.63432385235197,42.273295441865926
8.359795,1.559279270250764,11.532555270493031
1.0656948,2.290071767783827,10.922813823521137
18.074623,2.79478396927317,15.62109976068139
12.889982,0.9741287791459924,5.401723895594477
16.422596,5.080717768404218,30.241060671806338
17.621746,1.268449126890757,7.692433277145028
17.919546,9.29319840285513,61.262035222053534
9.090387,2.2709130842114487,15.785651715993883
10.0418625,2.829746601552599,18.476891390681267
3.5230713,6.339891416008273,18.916909246742726
9.846735,0.6222244866689045,4.734455490484834
9.328981,0.35892784345506995,3.8785062979534266
23.464115,5.516352321960859,34.1650341898203
11.136469,2.6285676849364403,17.547904374301435
19.875145,5.013398117125034,32.209893501102925
13.571,2.558943342922462,19.596653664112093
16.81543,3.9883328881404463,18.609554921090602
17.663666,2.1687563274552426,11.620001457482577
17.60381,2.9437488628013266,20.33698770523071
18.854216,10.003703097013963,31.315669308304788
21.599564,6.4595924076603515,30.220514854192736
18.781395,2.597518909999893,17.64895047008991
19.358404,2.8933467445356973,18.76758314192295
16.356907,2.7924983871976536,18.33767464965582
20.603271,5.720600586392813,35.054000220298775
17.029154,1.5722305913021166,9.210233208537101
9.958351,3.258881414565775,19.77179515898228
19.403921,0.5273547316828948,16.959832641482354
16.652359,5.261189578626718,24.964497636556626
13.825971,3.4339235691643424,26.93714524835348
8.130551,0.5916303580037007,3.97588713131845
18.279503,2.952074956177837,15.776842154711485
8.6063595,0.18370462265822823,4.038142632171512
20.996996,5.292883542685044,32.43907901585102
17.341839,5.010092163715097,28.94638130247593
20.477734,3.9134253902236615,13.80099305421114
23.06234,4.813007937607665,12.483410727232695
16.242449,0.6006400131754991,4.410128615573049
2.9231167,7.323162744699252,41.59805231571198
7.109214,0.45532335885852154,3.8477001702040434
20.480007,5.797778441599673,31.601466119289398
11.935637,1.0154702081376064,5.2371743173897265
7.5141945,3.629384646717873,22.64008371978998
15.021208,9.168886476183932,29.74551548063755
7.939946,2.701231391260193,17.609108242690564
9.593423,0.6348003536364477,4.239651481509209
21.172924,3.8004901067953964,22.36852102994919
9.258706,5.326745951183968,38.332975029349335
18.457726,4.419892170557545,23.102687902748585
14.7595,0.6227947558643709,28.879559853076934
8.750076,5.937694219797849,36.054195876121526
19.68182,0.8497173476270916,13.474930890649558
10.936396,2.8659865622594953,18.351758537590506
20.273031,7.675308303419086,44.47762358069421
21.034714,2.260187999643385,12.66575485855341
22.299042,0.7998423487186017,18.926531778872015
8.464842,4.5423780551056065,28.451186021566393
18.589226,2.1015612708487446,13.412431023120881
17.004248,2.8060913242068555,20.02315053135157
6.0,6.566897938284608,34.035225090384486
17.24659,4.2293536700598064,21.051141232550144
18.559254,1.363504997111029,7.602130757495761
19.88344,3.1171582368388773,21.760219159424306
23.034782,4.527615606006648,7.25096205741167
8.247426,0.4183471710271098,4.796608775705099
19.801796,2.031301993139916,9.933176329433918
18.166899,0.7370152519839919,14.66804500386119
11.433644,0.6065282766220883,15.132558479756117
9.01734,3.5515915858952534,20.04880808144808
9.705275,1.0869748111534863,7.03444985486567
21.795685,3.0489257198530764,16.497529875785112
14.101826,5.356445468349588,35.64264055728913
12.437946,0.8432417647788921,7.766348491460085
18.069557,7.168953067941797,38.51279086887837
16.950153,9.132088480484155,57.58159924447537
14.662888,3.0943306906852452,20.254395572245123
20.519894,1.023242072717597,3.051489834561944
12.15253,2.530697015991641,18.122730862796306
21.751574,6.426394296942485,40.14328519940377
23.755512,2.46214835167552,8.60114023655653
19.89919,6.247580124073558,38.70756917536259
8.260616,6.150526777538988,23.11790519565344
13.938087,3.2343533530914117,20.12445715814829
9.273468,0.48643237267827816,14.539582298249007
17.857397,1.763042827227877,7.224080772250891
17.172653,0.0494444444444444,8.451318742483855
17.04357,2.613410634255658,15.383852047324181
18.79684,2.8493120043931732,18.22155198574066
20.753937,6.241154643197854,39.36974391400815
17.922367,3.692212675582203,22.002191612124445
7.7297254,2.890769405857556,17.707634604275228
19.62717,3.5069618362809223,21.540947134792805
9.043397,0.7175512182505593,1.6523584494739771
17.100655,6.09515702928106,31.820795194506648
18.773785,2.626671422374331,15.051481039822102
18.153177,7.566359738806883,23.220301488637926
16.431786,6.100222222184141,43.18381138026715
9.029046,5.3726502328366035,20.34552437454462
8.466883,4.528750318586826,27.63597498834133
8.305515,3.1565326390870743,18.97703295737505
17.39691,0.5563650165974265,21.801236628890038
8.111731,4.089347475278708,25.17906869292259
18.884098,2.0067178485273485,13.210137252807618
9.980961,2.739871896708177,17.401735068559645
22.642912,3.590187659826543,17.20707276493311
13.426694,0.8532247964116847,4.500270680449903
10.597927,2.569737560444822,18.158556728959084
1.4972324,7.080902230251166,23.91495322406292
14.395322,2.3179191431941257,17.143250274658204
19.895416,2.2536857734206652,14.92265321046114
15.230559,2.5328270877587293,18.093119707107544
9.986436,2.297658682291706,16.27146883144975
19.467983,3.428629072349932,22.081864656805994
15.35434,1.9093503742768532,13.63137881025672
8.978245,1.6182582247878112,10.548524898141622
18.923237,6.432836556153164,36.96519103944302
20.601135,0.4858488983117664,10.064816752672195
13.518189,0.3140577985664519,12.773743059784174
13.721624,0.6141393099864945,3.0829028379172088
18.394756,6.426243291927708,43.36135660648346
8.165445,0.5669239102040107,4.226918979324401
22.920277,5.418762068707082,32.2145412221551
13.23538,2.8156444110059073,19.094366995394232
8.770407,0.1564114857541345,3.7499639592319727
7.8398495,6.336664382914702,21.400937390625476
19.939314,10.607465266899931,41.79305502116681
13.13032,2.0733638807282677,15.02529387012124
21.12272,7.71809865038428,24.072393823862075
16.754349,8.858552528222402,33.487505236864095
19.794405,6.0196147510243785,21.128353495299816
20.284327,5.068467408902943,32.99760425031186
20.15101,0.4445201695875988,2.157285371758044
19.160046,9.406806994651754,52.99282666087151
17.850714,2.997184441888498,13.770353086292744
10.053984,2.8510929935798046,19.51182895153761
19.011198,1.708045464793427,12.510879633426667
22.770588,3.7747257306012836,14.991850816756488
9.776836,0.21598596437627238,25.181508556306362
8.030874,1.5892345016698042,12.233552932739258
14.970673,4.110310451280739,22.408644706904887
17.444513,1.1912600084497695,6.628677563741803
19.387764,2.7811901001342463,16.025558937489986
9.912462,3.5198864362802764,21.84436687171459
8.789316,2.9808264974173566,18.60768366187811
9.759442,2.8986291236637367,19.184257799983026
16.819565,2.7436252723841204,14.636902039945126
13.442022,0.9604016931344651,22.021430971324445
19.422365,6.1906108412146565,40.98785066068173
21.878084,0.6309719415179763,17.430376364290716
9.985984,2.700862267890738,17.524178937375545
19.346254,7.7062512816323165,34.446438105702406
13.238303,0.11269940328544985,21.112423070073127
0.92435455,7.980806362388861,46.10497252225876
20.59572,6.284548388802342,37.587913396358495
15.401642,4.115996442577905,23.200754056274892
8.888094,2.9592694440732394,18.78347933679819
13.201461,8.960100604270895,45.02509241163731
11.480381,0.5062360123400058,6.792309102937579
0.03835106,2.5113848417252305,10.709392336457968
23.268925,6.245686036480797,14.779563685506583
15.659172,1.5781991732596523,11.392139516323805
18.713072,2.2044586046681633,15.190956410169601
9.378454,3.1510899336470493,20.1548232832551
18.262001,1.5662991391784613,10.867370162606239
18.166725,5.068194916314549,31.861040579378606
17.229507,6.99534577169352,18.994214692115783
19.842882,6.4431763604366115,38.518788787126546
14.556718,0.6187698974072312,41.05434502005578
21.97327,5.823316931691434,18.03709603190422
7.581513,6.739768852053417,29.15655566036701
9.968874,0.6541519103835647,2.550137963462621
3.5578308,5.936225183357794,16.43989071816206
22.272041,8.824120899173948,54.1036966496706
19.408941,2.6089973107373545,15.495118755549193
14.623788,2.7838385913810795,21.611786847114562
18.879221,2.404280029700862,15.818544231206179
18.347685,1.0514139846257036,29.02489431858063
8.301716,0.5260359234828501,1.7796006291173398
11.706821,0.6331812054725984,22.487201461791994
17.93832,0.12172419100068504,9.965827330499888
9.612054,2.8751932075122992,18.02738602221012
18.053185,8.817172804234756,54.0752892613411
19.485962,5.747631105457742,37.03538988351822
16.069366,1.775937599076165,11.343817670196295
11.279835,2.670279402459661,18.90326084494591
6.8464565,6.120426444593402,35.862346166372305
20.7122,6.4030214549021585,14.95490295574069
21.56145,5.788339696046378,37.46412123203278
16.102383,2.1997891008315813,14.484957313239574
10.381298,2.3128177525868843,16.54854926377535
20.88086,4.957452312699622,29.83162763476372
8.243794,6.788531043430169,24.923714074492455
9.16769,6.844383634883496,29.544990278482437
18.12714,0.48281407813438104,15.302402827739716
16.117287,0.7698257520929392,5.286712767258287
16.573257,2.949640854766799,17.02911106944084
15.599459,3.0364817880797714,19.970249424874783
21.722593,5.5414253686120105,33.105521138310436
21.023252,9.091133807649216,59.129438686370854
22.995983,3.3108336645571717,20.015157744288445
16.95105,5.104351296056476,25.1205823341012
18.034092,2.491387396759043,14.727021997720003
16.017164,3.059762349277735,19.04586258739233
22.595253,5.735235644429921,14.358232748806477
9.899094,0.5769773953082039,4.820579530149698
8.403268,0.5061744917784299,3.5386060393974184
12.120163,0.46440781744041787,0.59
8.878056,7.0923344905674455,26.724658440053464
8.629631,1.1008604368950343,6.664679811298847
12.256982,3.0035810267428555,21.952209593951704
17.86023,0.5813181680632341,10.953772323876619
0.33940506,6.02236826221976,32.56519123733044
13.576881,0.4255993732877282,2.817197341546416
20.383049,7.181690309867262,46.602472646832474
8.148718,6.042448200666241,33.54591362655163
18.463493,0.9032710741563803,21.71907617866993
20.877415,6.923881250255637,20.74587115496397
7.62287,1.7875430801655683,12.042640754282475
14.297337,0.5495139408266791,25.93773308724165
19.49758,8.744310088215602,60.066916731595995
20.111393,4.7200929363237485,12.066806431561709
9.146162,0.8958957530951334,6.09773723833263
16.885054,5.558933871868583,16.233681375980378
8.286145,0.28551233567271583,15.446838746517898
19.130352,4.675945408485002,30.17440847247839
10.627884,1.034617628475858,5.6017551347613335
15.384245,3.8153230870432324,23.064564799666407
12.524571,0.5773267109210912,10.989276805073024
8.426903,2.264907061710126,13.98701029241085
17.441385,7.62066748060286,48.232472538948066
13.965724,2.393255576137453,16.91691158413887
20.347887,5.192945565374361,30.99320798754692
18.775753,9.389447010730704,33.423121749162675
8.493931,3.6434560769837763,22.1049777507782
17.029205,2.0360564761360482,12.83124149262905
7.6916275,4.101424769361813,24.855785843729972
20.74566,6.54989713501599,34.679390860795976
12.03213,0.8021659150802426,3.4181924583017826
17.217392,8.764216650534008,53.291094729900365
21.53276,8.02004218801856,24.41799105882645
19.228699,0.7951507068011495,6.383505999445915
7.2064986,0.4817687334911897,37.46431140065194
7.8163905,0.21538431348020412,2.196893929466605
20.051071,6.142892635125253,34.340419100523
18.152966,1.7823769065427282,11.095842545032502
17.398048,4.772995647920502,25.555617772340774
8.719866,6.03675164523224,31.295463892519475
15.894639,5.923931013759639,42.41277271389962
20.317413,4.098608494765228,26.066616065502167
14.90687,4.508929512202739,28.297370035648346
8.8446,5.884185002462731,23.47516547203064
12.82731,0.6157966754688984,30.344968805313112
0.40267563,2.2244635066721177,13.562374225109815
18.076363,4.348387878251572,25.652932759821415
8.165735,6.803338234755727,26.700326365232467
9.698422,2.6943084638234645,18.111178119182586
16.72987,9.90104702943729,42.76669933438301
10.987278,3.02587974463486,19.91945919007063
18.028437,2.1948929341178802,13.667699114829302
19.00322,8.527813639251722,56.33534060895443
20.08787,7.465922139965825,43.22742465138436
10.218685,2.337694741286751,17.23449698150158
12.09586,2.9442708554450006,21.087008935809138
7.727642,5.202981806078718,36.164185602068905
8.530383,1.1009150441611806,7.385329974070191
14.92741,3.1609285628505877,20.636204715669155
17.227772,2.4739683779556714,14.97817959472537
16.866753,0.5657169964092058,2.710307364091277
17.739296,8.573858983202113,31.4913679972291
8.893555,3.1556822260717547,19.05461985230446
14.880446,3.286093388216363,18.033429580926896
20.436426,4.77469554182142,29.71473668962717
23.769184,6.768738200937707,46.924641107916834
9.738011,3.6399599691107865,22.440914419889452
23.488081,4.783527160216536,14.763135969340802
8.469639,0.7816170377066979,29.71219603687525
16.19738,3.516248333979812,21.350291683971882
17.073898,1.4089470977770784,9.337575820982456
22.11988,4.188909182892077,11.652732329368591
10.418538,5.140379974026646,29.91963386833668
17.470839,4.2019816808071395,22.29174235165119
9.552605,4.956444059051573,27.3180796161294
15.704945,4.988056927824186,19.49229483097792
12.461391,2.386763758696616,16.7594291472435
21.696678,5.200452316726247,37.88722358942032
17.710758,1.5041037156846786,8.207920500561595
15.835105,1.229607359100547,7.31112522803247
14.397374,0.8625128476601093,5.38479318343103
19.714905,5.117528813920087,30.36609844058752
9.316735,3.4318654267407123,21.42757050573826
7.9214773,3.486718153713478,22.342243530154228
18.090384,6.065659473554955,40.613655868768696
14.232968,1.1254082284484885,6.973981463611126
8.014767,6.780915543610851,22.78985291749239
9.499062,3.073629332424866,19.533586143255235
9.977366,3.3391480369576145,22.255648347735406
21.722296,7.227346023594339,13.170381552129983
11.537521,2.434414074671351,17.167036565542222
22.080673,2.355330169540313,9.051649695336819
17.290531,2.603906173557043,16.125235819220546
7.535318,5.745087012739645,24.864929150938988
10.716501,1.8972051900790796,13.491348147541284
9.466094,3.0781172263208365,19.51618761628866
15.445698,0.643665451024038,2.503751320745796
19.93029,2.662700566409362,12.448997813910246
14.961123,0.780586179912918,4.65907074816525
21.900576,5.004540709807641,8.637576543986798
9.4676895,4.8577569998262655,30.789278767108918
19.91608,2.4058609217074185,10.888940038233995
16.356718,5.160279390017191,31.299687537550927
17.86189,0.4859330230190729,2.0775586044415832
16.349432,3.4552429294296436,20.481139321923255
14.692676,0.7524890714149094,11.092914899140597
7.84522,6.67812276367512,22.41175586551428
16.293102,2.5445251604004033,17.026697829663753
18.3978,9.32202544660204,33.72637223601342
17.817928,0.6507314603729173,3.6115345162898302
9.182297,5.047995975973705,30.260514921545983
18.769104,9.659718023290237,35.46979629933835
13.847138,1.8505553600047195,11.724438259750604
14.698593,3.5401447222133475,21.679479268789294
18.733963,8.922088354254763,38.17026295542718
17.5246,5.0210418915458845,12.826070807874203
16.541115,6.310807725878225,39.476302998065954
19.97956,5.819721396648221,38.17475854158402
17.59016,6.881189087621039,43.897103443741806
8.942421,2.5765531376087,16.73643395781517
15.493769,0.47624737960596875,24.92875734627247
8.463657,0.8216718169736364,5.952783110067249
17.184607,6.783385065951281,41.44730565130711
21.954779,4.489387412605186,29.451330331861975
13.632856,0.3719399665513386,2.9350914261490106
22.247166,7.154442915287282,17.93351879179478
22.532331,6.26931179638538,36.77550544857979
9.162727,3.4956756096209087,20.76277904689312
15.128692,4.384666056277023,21.609016090333462
16.4249,1.844051735587418,10.629219148308039
18.893059,0.42849996678531166,26.190682072639465
9.73361,2.2006287943551106,15.144342278242112
21.225811,6.466702071751157,40.8522566318512
12.446217,2.0808324147615993,15.673339080363512
16.465527,3.2024729630889164,20.174117791354657
16.312368,3.0982770172134044,20.49975682973862
8.477371,0.2170507478080172,30.204023431539536
19.299496,5.961374664646056,28.724969880878927
16.051994,3.517276473061906,20.39185705691576
2.372202,5.655461497240596,14.461132988631725
7.77945,4.9890095643988905,27.328635876178744
21.307922,3.3187331532314417,18.694906400740148
11.541998,2.802108644619584,20.05348052442074
16.577335,0.9233686453900817,4.9066693394631145
19.710535,2.5667092263367444,13.397543672770261
17.513481,7.42571752084626,23.145036552548408
21.891964,6.906992923973335,43.048224958181386
20.568174,5.2673593452490035,36.97861314058304
15.533752,3.0862003445501127,17.980682511031628
16.643753,0.6882214847129459,24.957191358208657
8.140454,0.12282468179751752,39.55218788385392
13.107145,0.461214690565442,23.19133310288191
10.937235,2.5603221181345477,18.361751898527146
15.362021,2.9810054663237597,19.727194912731647
7.8972535,6.1171801474856,22.358192972242833
15.032007,6.560926715292863,42.68857806563378
17.079668,2.905616368051204,18.074344359338284
20.520674,2.789077160412239,22.87705093443394
7.8876357,4.73520431264821,27.584910910725593
17.15868,8.459345604156455,26.688657618761063
17.013985,0.13524860676572031,16.45818684101105
9.266483,5.566444351739353,33.7487474757433
10.432172,5.643023158245616,33.353345079422
16.535906,6.391702914411822,43.71200471997262
13.459623,2.588867969415668,15.781656273305417
14.309536,6.800936447175012,48.33592046439648
22.444336,4.751813310724165,31.829993650615215
20.357994,6.459182270583178,18.38659742861986
9.99813,3.329255654940175,21.31529875636101
8.956486,6.465344890877604,27.353802791237833
7.792641,5.509676408900154,31.586165152192116
13.495174,4.100402223058045,27.296683744788172
9.0777645,3.7753937569012246,23.730466843247413
10.769453,3.4022401692428517,20.038265133202078
8.202894,1.3402514676749706,9.540313635021448
17.531502,3.3005777519486017,18.41646911531687
19.883957,4.671775681533747,30.283730706572534
18.259506,2.7744082349952723,15.37388340830803
14.442657,2.3808351029621226,15.30120571628213
9.143133,5.993737587134043,39.59672537446023
19.260014,4.517735652385486,14.94114710867405
17.288439,0.8871729608449256,6.275853921249509
18.353573,3.179065321539011,20.313056886196136
23.38855,4.586538011340631,24.60055673658848
1.1405182,3.276820251043472,17.80153416335583
17.036306,2.546926481916259,15.042100972682238
9.204181,4.785990779068735,32.24098607033491
21.690779,7.740738838464021,41.48323611021042
19.321112,1.5802991061657665,7.508057194128632
17.70293,0.7266520667800472,3.054286977238953
16.704456,2.3996877372761567,13.202659822702408
12.888568,3.3042686749332475,22.10201492369175
17.0425,2.9709664292302396,17.816513745486738
16.378607,7.606662542257044,49.215849682092674
22.774569,5.71515570598344,38.31547571301461
8.543024,2.5453184027928444,16.372381809204818
3.0693836,5.965490328073501,16.92994003623724
13.035439,2.748282503179378,20.56259804993868
20.970535,1.0541025574505327,4.580101327374578
18.82233,5.2395862295064655,35.24611616611481
11.926929,0.22082383414368242,11.145166579782963
21.087273,6.629494798978169,44.30327699065209
9.81279,2.6483348938615787,17.89937781959772
9.504087,3.539345576332675,22.956092619299888
20.86566,7.009262468425764,13.165319263488055
7.1574183,0.5133270338363944,22.329371016323567
7.091384,6.0224043045689655,16.868302583396435
7.508378,6.408446449877487,20.575793850421906
8.395918,0.15153142740717152,19.630534105300903
8.570015,3.587343110628426,22.64634977579117
21.094662,7.7493026249193475,20.258269307017326
8.897911,3.943045365653104,23.436043983697893
11.543043,2.880470615281827,19.948661483228207
8.260474,0.4358820457870347,36.34683875739575
18.566313,6.571646207082602,36.332180560231215
16.115562,5.028447662178013,29.107994201779366
8.121405,10.303863159782356,14.333759949207307
21.304234,8.524350466628869,52.98212016761303
8.146363,7.387735098981194,27.06365111887455
12.273377,3.489272810568412,25.445981760025024
11.3127985,1.0689700264980395,5.488388489559293
10.654225,0.782853585458878,3.6470482682064174
9.29475,2.8787346790317034,19.401232587695123
2.6924992,5.0755773837036555,29.96971477419138
23.721157,4.967626508602665,28.844911130666734
22.785328,5.224902079304059,32.636097508668904
18.116817,0.8567515868879854,4.53136443823576
13.556921,4.6595343326197725,26.12594487130642
17.275686,0.6135991019745253,2.371647242642939
19.101528,8.113269452758962,40.19408684432507
16.326408,2.1527014804983304,12.436457144320011
23.797565,4.476315846819844,19.49117663949728
6.6084676,6.112254774040646,17.343360909223556
22.2828,5.050406774141722,27.292074057459832
18.847225,1.8789832968761522,10.586893318742513
18.150505,5.913539631631639,37.75711402356625
9.697092,2.193787428268956,16.364844475984576
13.25378,3.631156936027109,23.709812629520894
20.863777,7.312638378731078,45.24007042884827
20.473797,4.343161116196877,27.475020072460175
21.711014,0.38727078174758284,19.549638276398184
9.375384,3.6268964817830254,22.709963080585002
10.595076,4.814473245528837,25.458660301864146
9.503615,2.9248514862606925,18.473654720783234
16.487785,0.6584060339132944,3.611617715060711
8.313803,0.46415136525096984,4.906225771158933
15.7167015,1.1459395507122907,8.492816387712956
17.740131,8.691685151275662,62.55401039361954
8.097332,3.150985224408408,19.39228895753622
19.565002,7.1931934120423255,19.854514704942705
12.6602,8.317092044618395,41.83134357094765
17.688208,3.693198868826859,21.63510912656784
17.751083,2.489763005365514,17.206091494858267
16.774883,8.262888079931338,53.87673420608044
20.814987,5.373345601608356,36.442120842337616
10.083823,3.8357239888235926,25.700094577372074
9.20627,6.42735314771533,26.767550972104072
9.839171,2.4188616456339753,16.49251608014107
21.011518,5.879135966474811,2.8807179391384126
15.028413,0.4407303631750659,1.8446833430603147
19.896214,5.2736978273507615,30.24051488786936
10.832609,6.794581808158092,49.56085739433766
20.564371,1.4169068641732963,17.20325417906046
17.352348,1.8613918340744242,8.866737336814404
14.506489,0.4313137557026412,23.80382819145918
8.807025,3.231571878004405,18.851274449527263
17.20785,2.611463570623762,17.918010540902614
17.534271,5.421140242334869,15.68886634811759
15.9074135,3.1917034470041594,17.91651391386986
19.01955,2.9174609404140046,16.870985862612724
20.561356,7.487281581809123,37.487937949895866
2.4166203,7.227864909138944,24.95253603041172
20.974688,4.3269889762500915,24.893401196599008
0.8039074,5.066901741681827,30.633587718605995
9.1465845,0.6080570858804922,3.3577359525859354
19.400982,0.49299549804276055,5.790642492845654
15.593328,2.318079624861065,14.964037705361843
19.392403,4.9731729911516105,13.78459671586752
14.110111,1.3320337343785082,27.783129367530346
15.132959,6.341210690273178,39.80750066518784
23.054668,4.3983599740059836,11.00018107369542
20.640678,7.744785524292124,45.6146037209034
19.421473,2.0663750827912652,10.73611102744937
16.909883,1.069895475955887,6.909757242128253
19.333183,2.1206460054632688,13.78509020343423
18.380707,7.203773084373937,44.82822605371476
21.462372,7.706254388731386,18.583461884856224
10.111721,2.8073882273584605,19.442251958847045
23.605371,3.7118455024725856,14.263298672437669
0.31783295,6.496707327465216,19.50205998957157
6.949293,6.869204385090205,29.793888672292233
8.800661,0.644264965789496,4.069416099302471
15.648241,0.8017376014735135,5.053123422712088
20.23267,2.1647825031003185,14.563595840632916
9.711815,3.3494614308989705,23.108396764695645
13.575743,0.4580141454914377,29.99652854949236
9.733233,2.838171500679519,19.50484976321459
20.332275,4.460331375656856,28.395276447534563
17.405489,4.9759075490426685,24.608349846601488
8.736052,4.279966449642346,23.010619667470454
9.126378,2.0187180865535304,14.454957262724639
8.291151,0.43035657499554664,43.53516311764717
21.06859,7.2486277879609,18.537437275648116
22.004221,5.67909222850369,38.31428525745869
18.156902,2.6672207741356555,14.69830558538437
9.276985,0.8076402352532992,1.6975491692870857
15.304533,4.471353188186056,22.684489994049073
23.387304,3.96049141621838,26.792782544493676
20.299936,0.6677620917926025,2.9775724808499215
15.305738,3.8693602005102568,21.985439658463
19.396246,0.5546460140372316,15.473788492381573
14.9990425,0.8239819451318018,34.93830163240433
18.174526,5.29553576245076,20.472756689190867
17.449005,0.3670049610992686,4.448792748376727
16.604107,3.448200378678739,19.37811378866434
2.4178314,4.746697782816158,28.223029319047928
13.550533,3.2816713648206655,23.380415859222413
12.334481,0.6476033495459705,3.96689358189702
15.96208,0.7104691296639954,32.256102573871615
7.4827595,2.630807126590775,16.044132706522944
9.315732,3.9802457306823795,24.025060854554177
17.232971,1.1469519989440837,6.271006998568773
19.33778,2.1746259483074146,16.41645433753729
20.440336,8.58499109774828,27.14644673228264
16.44434,2.312404042345782,12.434690477848052
11.321869,0.8449840705821083,5.98372829861939
16.840563,3.763828823454678,19.504032038152218
14.429107,2.292022870644513,14.953843716531992
16.14044,0.6573228603389321,19.705074498951436
8.084339,7.6360675064308765,21.543607593774794
7.795996,3.7422646237827006,23.01054930508137
8.8516035,7.1953329604615766,31.550124395489693
19.822227,5.430175686428944,37.86197680354119
20.08429,1.6583873413999874,9.87332836329937
21.360077,5.9876427015993325,15.56110631555319
12.24858,7.145255223338802,35.53698287248612
16.288202,4.017169874604377,24.036708682477474
17.047707,2.5064722073864605,16.838567818105222
14.552271,0.6083759907612369,29.273311585783958
17.086422,0.6963449952301258,19.285840171277524
17.437279,1.5853128765792481,8.530469774305821
8.968713,6.492172827083203,33.851921558380134
16.680662,2.2163437246738207,13.17245724260807
22.03151,0.2457303791234476,22.327821142077447
18.849339,7.895431358416874,45.104134096503266
10.877186,0.6184135908214374,24.17436413913965
14.158626,3.57231469384912,12.90851080596447
7.9814343,0.9648724979855533,6.264975800812245
8.441837,1.9235376993380486,13.663885283172132
17.95865,0.5486267863648633,24.022689451873305
17.263016,0.09045949209817784,28.372197583913803
20.765127,5.883849435763226,16.715612395703793
14.956415,3.552304665131701,26.789254916608336
9.613027,2.398195086883174,16.228855847269298
12.636047,4.8945540633963205,35.39132131695748
18.817299,0.5505888805885074,16.180744137465954
18.070614,1.183287114559983,7.065181579142809
15.361654,0.4928835259600438,18.551528770327568
21.518185,9.15970499843359,64.4
20.651783,8.90898136754003,31.32188021540642
19.03565,6.324687137421634,40.625027952194216
10.967417,1.6782431026486058,10.313356678634882
8.429105,1.3614782363880011,9.541813114583492
16.87295,2.6283470809025067,16.37074540823698
8.9337635,4.063335463288757,24.926237612068654
20.540283,5.368241880676812,27.962521131038667
15.109023,0.0494444444444444,33.888023169040686
8.329523,1.181393726064513,8.11651119954884
14.619383,2.504445446663432,19.331260044276714
16.74189,8.461727506303125,54.96397764563561
17.593903,9.109594947480494,55.94067606687546
17.333704,2.4823695077747105,14.154052505791187
17.400917,1.5766979783442283,9.871854556500912
6.0,2.426496254112571,9.835222375392915
19.58454,5.36405661823021,33.6182157355547
17.848225,2.032971592824906,13.078385580927133
0.19646263,8.020423739784293,46.023123948574074
19.913197,3.836200617820852,25.145391732156277
10.644831,2.424460948867102,17.471450884342193
11.587802,3.1739311510365864,21.156882591545582
8.101453,0.7579651781699309,49.082845749855046
20.434483,6.758614029329683,39.71350792348385
8.899009,2.0524043225352138,14.547783319950105
11.336291,3.3948707516698375,22.017648517489434
8.975355,5.086250579717258,23.979481239914893
9.278574,2.7218768217373226,17.37212961792946
18.977257,3.0950763944619233,20.013069692850113
7.3373055,3.272269593746298,19.739765058457852
9.060902,6.218497055363323,34.87884351193905
9.114658,3.9652738631061375,21.595778452754022
16.123207,1.9791651814637912,12.750443600565195
8.65644,0.3102828673907141,42.58667050600052
21.922543,5.831046151336696,33.06730104923249
19.145718,2.521322898098992,16.49763732105494
15.957535,0.7302805370733969,3.839540034756064
9.711674,3.435924540965093,21.689253935813905
19.916706,7.619305328370796,45.558488764762885
9.558593,2.8726018868883445,18.568870246708393
18.200106,2.3514295173684756,14.780970933288335
16.271446,7.594628126141097,51.33502792000771
8.934826,1.5220445717767708,11.278569866120815
10.411896,3.3113600071395437,21.88828060925007
8.979052,3.8286143247327873,23.3215282446146
9.724254,3.7546401993764773,22.648129754066467
10.529667,2.376732023285909,16.88222863137722
16.153463,3.6943242601098287,21.439484569728375
8.523037,0.4909545611802281,3.694312301389873
17.114412,0.7958563289998305,5.112553017884493
18.754671,1.002690321277413,23.564438228607177
23.306213,7.88231318614549,20.43550455838442
7.478763,6.8573632305363805,22.044692396819592
20.55712,8.567933745276598,52.74710598468781
18.57017,0.26893112671406316,8.457792082279921
9.773368,2.932034788599444,18.012132597267627
7.727795,0.418224867839987,34.0764954841137
16.429363,7.040022127793894,44.04569359600544
17.431145,5.89559489166571,25.401394825577736
17.261934,0.7710472304146322,27.636039645671847
17.656261,0.5928564581352596,3.3498696276545523
12.584513,0.6632530696229595,14.163334636092186
9.939161,3.623020686403745,22.557639918327332
14.232397,0.7009121589911066,21.939293341338637
9.052235,0.6901616350494117,4.553805523850024
14.964836,0.5916267460010324,3.335026729218662
8.455389,3.0207769558330373,20.107695696055888
16.823366,7.840026189229554,53.05324323117733
23.392353,4.4852167535242105,7.766411247104407
20.0343,2.8082840040201944,15.779460776597261
17.1304,2.475350570976734,16.229158215373754
9.111158,4.0252247182321215,25.824702565073967
15.577951,0.6819778468102837,3.376984820216894
10.255765,2.99209749929193,19.018191151618957
9.097591,0.6090802147653367,17.170410156846046
16.205093,0.9125936918819529,4.916755883023143
0.737339,9.752695477265451,52.264385765194895
17.765377,9.09886675581336,35.83086565315724
15.423937,0.689417057596147,27.665173478126526
21.453943,8.98827640005284,58.26403454780579
16.350552,2.3667816938708226,14.699286855459214
0.25273705,4.9344905398661885,28.7190955722332
20.238026,2.456416686022033,14.008467968553305
16.693026,7.925450285366839,39.18751293301583
16.142836,2.0829820612528254,13.80355462551117
14.89945,0.7983428627076662,30.29032765597105
15.033241,2.6509922403407593,17.162987875640393
17.537273,4.8099219668118485,24.878459648191928
21.800884,6.962188674683372,12.900099647939205
12.882345,0.8681684670638706,5.383995901495219
15.654823,3.9645784943343862,20.638264241814614
5.3466606,3.912074734258155,12.60311141371727
20.659468,7.559498642641636,20.037496851980688
20.142315,6.665572569113638,38.45639826655388
3.331215,6.572042672923869,19.36099861294031
23.96762,7.869587129776676,47.76871973752976
8.309167,2.204752380885184,15.168394805192948
22.755852,1.1772097064575386,7.117007282078267
16.345581,0.0494444444444444,18.809273808300496
22.06248,8.641085421509214,29.74481756180525
18.372705,8.741424214599862,26.290929460227492
18.374908,2.7273288484745555,15.675291161239148
17.21013,7.773893449794914,51.41004944026471
11.815762,2.2626033031050525,16.015782368779185
15.62809,0.7638665691100888,3.9799358212202787
17.288465,6.52105704145299,12.466682544648648
18.353167,3.4634444281334673,23.674629533290865
15.754008,3.4361488735179107,19.367017449736597
21.748905,7.370710681759649,18.47994549870491
8.343346,3.599549349322915,22.07442335873842
9.019018,0.8398182076691753,5.480473671630025
9.05436,3.023212921503517,19.055433773994448
15.066126,5.2237623953653705,27.728741142451764
17.994785,0.8649420553901128,21.00181719779968
16.628777,8.647791784140798,59.21670706570149
15.451762,0.3513886034985383,1.4673133889120074
4.2114124,4.943110564814673,11.627747025340796
17.33407,6.271639635008242,40.93603351533413
8.620097,2.384636794028596,16.254192012399436
17.125847,2.1974607961438597,11.94033669307828
9.945642,2.9724665366609893,19.47817100763321
16.052954,8.908734663873911,30.97366435855627
9.9913845,2.486007454720222,16.662338558733463
18.842474,2.7308622415363786,17.14835820376873
13.281274,3.6200378712970345,25.51862617254257
18.222433,6.500815533854895,41.62195270776749
20.028658,5.772927241822083,36.425598992705346
15.897254,2.945130589757528,17.76185167759657
11.168586,0.6075038280524313,19.216911653578283
9.683609,2.6263883656491007,16.909827803075313
9.134393,3.2539793443638416,20.531726076304913
19.820063,2.9474842173026667,18.119674853086472
15.9826355,0.45954854752816665,27.477130944132806
17.065208,8.364154652804137,50.092785645723346
9.208593,1.5573377993971935,10.899110255986452
14.826376,3.349842050534983,21.03816412597895
19.27393,8.306724897863136,49.932332774996766
17.857645,8.003716868087649,46.75820933580399
17.471447,0.8743725671308735,25.953015037477016
8.243697,4.0625344531486425,25.48873356729746
15.633163,0.9158263177538497,5.060077413693071
14.793486,0.6344119274140232,30.59766486644745
18.39769,2.896272699729436,18.349524056315424
8.590914,0.47876657669277234,27.45843736886978
17.288734,4.043324813151525,20.059978586137294
17.959732,0.5007362139545795,3.31790418446064
16.954065,2.4546055579744275,15.134626563489437
11.61125,0.8225804104190318,22.10129418462515
8.816322,1.763049352135923,12.915297923982143
9.694348,3.584569403289093,23.00082978695631
9.249662,3.471193222502867,20.793540722727776
1.1261883,4.997150785380767,27.399749431312085
21.751759,6.408838565780056,40.126166220307354
1.2283802,6.220276180290513,19.293403177261354
18.750267,0.732406880321602,3.65721159234643
20.163311,2.985374979745183,19.470855220854283
18.24474,0.3468022534008034,4.4012182649225
19.09412,2.2316172915697097,10.099672758877277
13.400321,1.5447569999098776,9.973346597701312
16.848679,0.5250768785163138,3.239686642847955
8.786129,2.453429831686533,16.66014971792698
23.107996,7.129253663130932,17.011742969453334
7.990201,7.881863278200228,20.235416744053364
13.194843,2.50560610352084,18.313534645140173
8.581392,3.0310875533852313,18.132222178578377
15.988773,2.3457640329251683,14.430467347949744
14.905752,3.268452833249337,23.029756335616113
8.177103,2.162919486498253,13.547490678131581
13.835141,9.466764063975877,29.233543524146082
17.719345,2.4724831846004554,14.863550705313683
12.600239,2.020830603210876,14.702804974913597
17.84939,8.31183669725226,52.03826767027378
14.257675,0.24282997981955604,1.9364803503453731
17.823048,8.811606746961674,58.27627380013467
17.7675,9.049777076194683,57.49072146475316
17.153095,0.6299135858974315,4.051645317263901
19.032686,0.3758539015716976,3.0438227112591267
16.533329,0.6468331773641208,27.69972521454096
8.615432,2.959169395483202,16.814844282865526
17.238897,8.398298564478756,50.4592481815815
17.715681,2.2771922207209796,12.087671732455492
11.043882,2.2244621084775362,16.206589003652336
0.8157997,5.502875590456856,32.036351324319845
9.886793,2.3458963953455285,15.318740213811397
20.775124,3.5607569067304334,24.30385375529528
17.565615,2.7662601783954432,16.640164897739886
10.130711,5.865413774144318,37.580607118010526
10.806441,2.612955444241977,17.74137241899967
17.938671,2.981880736131635,18.008652511537075
16.843071,0.531325565454964,31.762776650488377
10.866366,2.169182000027762,14.502288330346346
23.950531,6.4711533018781076,15.761718044430017
17.526289,6.126848818370037,34.17075065851212
19.757732,0.5663235021475702,28.348472146987916
21.543541,4.290190669840408,28.76595311999321
10.337297,2.3827354047530225,16.722165606319905
18.052246,4.08625653312438,20.741890925765038
9.1982565,0.3086735260083029,2.294872130006552
16.967476,2.024318477271332,10.64376799851656
19.33629,5.714478979806104,12.998717290461064
22.17052,5.605081750088267,18.42460833221674
17.417782,9.194790361126264,55.26381270408631
20.96704,8.281722693070769,24.378546283841136
15.847409,1.4970417455645897,5.931050640270114
16.671291,6.241468460203873,13.407356373518706
18.933159,0.35672211382563945,45.00613260030747
17.523666,2.2344278180330166,13.795952634960413
15.740224,1.046151024866849,6.393564493134618
19.10919,3.3787262649047705,17.945155209600927
17.550747,8.368656839355827,29.661194714903832
20.06098,4.768114395282335,29.516269111931326
9.653408,2.631239324071341,17.344393524825573
16.172789,0.7676043316132077,24.553657351732255
10.81873,3.202604082669649,21.911743613481523
9.552715,11.212038389643034,13.972329275012017
7.535989,2.969435872228609,17.459278191030027
7.69156,2.1784684977266524,14.027317482084037
8.751911,0.36831881736017136,2.918928757496178
10.143227,3.3495748400150074,22.00450786590576
17.162994,3.2291337373645765,21.93368907213211
16.78815,6.114590691121087,41.290918585658076
9.4552765,5.191858080700039,31.11243230164051
14.194221,2.14585452163385,14.401733820438386
22.32506,3.137858352259629,18.76675020337105
16.331224,3.0587864094600077,16.635646491348744
16.455101,3.2883889130089017,17.86298144757748
17.792454,2.4756817877375417,15.763471399098636
21.689589,5.374312530838781,33.92403349876404
16.79461,8.537588572924337,33.15782131195069
8.763601,0.640402453258737,34.00054213762284
15.801649,1.3235406344270126,9.455297802984715
18.507622,0.670003436545117,4.389789130911232
18.231428,2.5007360364393225,14.471519047766924
16.189545,5.772624610372715,27.731962598860264
11.764014,2.3590868076702787,17.414116947352888
18.219776,0.5451126961560091,21.760375097692013
13.729795,0.407743845903832,10.83804425984621
7.6634855,6.149556741209493,20.03666961848736
21.32328,7.315875975961486,46.15017560303212
21.449017,5.331698667100734,24.86096793860197
19.588223,5.689236285545759,33.45217190742493
21.825022,5.37613639799257,29.009987000524998
9.435249,3.5547884801278506,23.922558067142965
16.9959,8.350221799156733,53.01628586173058
19.287176,6.579586088044775,15.975863123089075
7.7777176,3.6089595095647704,21.435905596315862
8.934877,3.546592574202352,21.5466712102294
9.070583,1.946931669652048,14.292320305407047
9.8252945,2.21718341819735,15.178428101539613
18.568438,2.799494642172422,14.135786809921266
22.49498,6.760019059528907,45.0955194580555
18.02075,1.6826343657635152,9.024744639098644
19.057785,2.6622677475089827,20.057696562707424
18.355984,8.513619789282481,48.58686697423459
21.578182,5.116959282660649,6.689475897550583
9.237234,2.908226641979482,19.621970812380315
8.226206,2.7552859044820073,16.40774461477995
17.926481,2.714588188740114,17.153595447540283
8.621079,5.650871690495146,35.373205854296685
23.034817,4.98273042788936,32.38405372589827
17.772436,7.22864230532613,48.28010597467423
9.749153,5.895858995086616,29.671918323338033
17.880196,3.012235851200918,20.593620256781577
9.592934,2.5249302401186693,15.938602434694767
18.942812,2.03533842554109,13.072027293145657
8.378662,2.7774423172366287,17.274508458971976
7.2022486,3.3426798764699033,19.448915467262267
2.522335,4.727289909898406,30.968303505182266
18.702385,2.538003359453546,15.39169460117817
18.38787,3.389380818323956,22.249416522085667
18.401695,4.612417971620129,24.8848645272851
15.456969,0.6087604165936095,44.723488785028465
19.364897,6.33244245669908,36.94929674625397
22.229189,6.095970467817452,36.29382354974747
8.678453,0.5413611459007692,8.226497122123838
20.03458,7.80899186230368,11.172102063000203
17.208261,6.51148344780008,18.069915332198143
21.866564,5.622446083948016,13.819870142191649
9.726913,2.6918930050068433,18.343638337552548
20.651104,4.145667685141993,23.9379370033741
8.049086,9.700491241539519,21.711872591376306
23.184126,3.6826207500447827,11.934392972886563
18.308664,6.697681330897741,47.922003251314166
19.009846,7.371433393003212,19.73527327567339
19.587784,5.516587218650512,33.855610829591754
23.27375,3.9172539576970866,23.192204075157644
9.070572,3.055581747479737,19.29674253821373
9.977221,2.84385593842715,17.666582904458046
21.970356,6.439189952330456,42.32655786871911
8.82195,6.136624373462465,38.017549947500235
15.309532,3.8604036767325463,20.007541491091253
22.997515,5.482652725453177,20.900440208613873
9.777852,4.553390546337598,26.007834945321083
19.268929,3.04389563716948,21.74881855070591
18.333313,6.523975850318869,15.151965187340975
8.302628,0.4759355045368687,4.294067756459117
17.50142,6.8634065382265375,18.0105618044734
16.180935,0.4689246461964729,29.429833671152593
18.46848,5.937783082831237,34.72020484983921
20.947199,6.74734520242446,42.85568303465843
21.072002,0.3972125278014896,10.0304818084836
18.936714,2.450579068290277,16.89164387971163
2.574932,1.974352595715059,6.248274241834879
16.066895,10.407612304811677,56.83983893871308
16.357586,5.823256653969486,31.574770248532296
18.642204,3.8278639603075053,22.160710467994214
2.4032784,6.989513746740089,45.856140687465675
17.324463,1.9634196462192468,13.915329083949327
10.010885,2.2173089449997576,15.074493344426156
19.549952,5.882234365666905,29.921714313030243
7.399035,5.545764121752645,18.231463574171066
22.544918,7.376655183699396,45.519625905752186
11.524551,2.6848240439138475,19.212889587283136
