user_id,day_type,bin,n_bin,fallback,pi0,D_family,G_family,E_family,A_family,n_pool_A
KR_U195,Weekday,1,0,2,0.0,TruncGMM(K=2),Weibull,TruncGMM(K=2),TruncGMM(K=3),20
KR_U195,Weekday,2,0,2,0.0,TruncGMM(K=2),Weibull,TruncGMM(K=2),TruncGMM(K=3),20
KR_U195,Weekday,3,0,2,0.0,TruncGMM(K=2),Weibull,TruncGMM(K=2),TruncGMM(K=3),20
KR_U195,Weekday,4,0,2,0.0,TruncGMM(K=2),Weibull,TruncGMM(K=2),TruncGMM(K=3),20
KR_U195,Weekday,5,2,2,0.0408,TruncGMM(K=2),Weibull,TruncGMM(K=2),TruncGMM(K=3),20
KR_U195,Weekday,6,2,2,0.0408,TruncGMM(K=2),Weibull,TruncGMM(K=2),TruncGMM(K=3),20
KR_U195,Weekday,7,1,2,0.0204,TruncGMM(K=2),Weibull,TruncGMM(K=2),TruncGMM(K=3),20
KR_U195,Weekday,8,1,2,0.0204,TruncGMM(K=2),Weibull,TruncGMM(K=2),TruncGMM(K=3),20
KR_U195,Weekday,9,5,2,0.102,TruncGMM(K=2),Weibull,TruncGMM(K=2),TruncGMM(K=3),5
KR_U195,Weekday,10,20,1,0.4082,LogNormal,TruncGMM(K=4),LogNormal,Weibull,20
KR_U195,Weekday,11,4,2,0.0816,TruncGMM(K=2),Weibull,TruncGMM(K=2),TruncGMM(K=3),20
KR_U195,Weekday,12,14,2,0.2857,TruncGMM(K=2),Weibull,TruncGMM(K=2),TruncGMM(K=3),14
KR_U187,Weekday,1,15,2,0.2459,TruncGMM(K=2),TruncGMM(K=4),Weibull,TruncGMM(K=2),15
KR_U187,Weekday,2,0,2,0.0,TruncGMM(K=2),TruncGMM(K=3),TruncGMM(K=2),TruncGMM(K=2),20
KR_U187,Weekday,3,0,2,0.0,TruncGMM(K=2),TruncGMM(K=3),TruncGMM(K=2),TruncGMM(K=2),20
KR_U187,Weekday,4,0,2,0.0,TruncGMM(K=2),TruncGMM(K=3),TruncGMM(K=2),TruncGMM(K=2),20
KR_U187,Weekday,5,0,2,0.0,TruncGMM(K=2),TruncGMM(K=3),TruncGMM(K=2),TruncGMM(K=2),20
KR_U187,Weekday,6,0,2,0.0,TruncGMM(K=2),TruncGMM(K=3),TruncGMM(K=2),TruncGMM(K=2),20
KR_U187,Weekday,7,0,2,0.0,TruncGMM(K=2),TruncGMM(K=3),TruncGMM(K=2),TruncGMM(K=2),20
KR_U187,Weekday,8,0,2,0.0,TruncGMM(K=2),TruncGMM(K=3),TruncGMM(K=2),TruncGMM(K=2),20
KR_U187,Weekday,9,0,2,0.0,TruncGMM(K=2),TruncGMM(K=3),TruncGMM(K=2),TruncGMM(K=2),20
KR_U187,Weekday,10,0,2,0.0,TruncGMM(K=2),TruncGMM(K=3),TruncGMM(K=2),TruncGMM(K=2),20
KR_U187,Weekday,11,0,2,0.0,TruncGMM(K=2),TruncGMM(K=3),TruncGMM(K=2),TruncGMM(K=2),20
KR_U187,Weekday,12,46,1,0.7541,TruncGMM(K=3),TruncGMM(K=4),TruncGMM(K=2),TruncGMM(K=2),46
KR_U434,Weekday,1,0,2,0.0,Weibull,TruncGMM(K=5),Weibull,TruncGMM(K=3),20
KR_U434,Weekday,2,0,2,0.0,Weibull,TruncGMM(K=5),Weibull,TruncGMM(K=3),20
KR_U434,Weekday,3,0,2,0.0,Weibull,TruncGMM(K=5),Weibull,TruncGMM(K=3),20
KR_U434,Weekday,4,0,2,0.0,Weibull,TruncGMM(K=5),Weibull,TruncGMM(K=3),20
KR_U434,Weekday,5,19,1,0.1418,Weibull,TruncGMM(K=4),Weibull,TruncGMM(K=2),19
KR_U434,Weekday,6,12,2,0.0896,Weibull,TruncGMM(K=5),Weibull,TruncGMM(K=3),12
KR_U434,Weekday,7,5,2,0.0373,Weibull,TruncGMM(K=5),Weibull,TruncGMM(K=3),5
KR_U434,Weekday,8,14,2,0.1045,Weibull,TruncGMM(K=5),Weibull,TruncGMM(K=3),14
KR_U434,Weekday,9,66,1,0.4925,Weibull,TruncGMM(K=4),Weibull,Weibull,66
KR_U434,Weekday,10,18,1,0.1343,TruncGMM(K=1),LogNormal,TruncGMM(K=1),LogNormal,18
KR_U434,Weekday,11,0,2,0.0,Weibull,TruncGMM(K=5),Weibull,TruncGMM(K=3),20
KR_U434,Weekday,12,0,2,0.0,Weibull,TruncGMM(K=5),Weibull,TruncGMM(K=3),20
KR_U194,Weekend,1,3,2,0.1364,TruncGMM(K=2),LogNormal,Weibull,TruncGMM(K=2),20
KR_U194,Weekend,2,1,2,0.0455,TruncGMM(K=2),LogNormal,Weibull,TruncGMM(K=2),20
KR_U194,Weekend,3,0,2,0.0,TruncGMM(K=2),LogNormal,Weibull,TruncGMM(K=2),20
KR_U194,Weekend,4,0,2,0.0,TruncGMM(K=2),LogNormal,Weibull,TruncGMM(K=2),20
KR_U194,Weekend,5,0,2,0.0,TruncGMM(K=2),LogNormal,Weibull,TruncGMM(K=2),20
KR_U194,Weekend,6,0,2,0.0,TruncGMM(K=2),LogNormal,Weibull,TruncGMM(K=2),20
KR_U194,Weekend,7,1,2,0.0455,TruncGMM(K=2),LogNormal,Weibull,TruncGMM(K=2),20
KR_U194,Weekend,8,4,2,0.1818,TruncGMM(K=2),LogNormal,Weibull,TruncGMM(K=2),20
KR_U194,Weekend,9,4,2,0.1818,TruncGMM(K=2),LogNormal,Weibull,TruncGMM(K=2),20
KR_U194,Weekend,10,1,2,0.0455,TruncGMM(K=2),LogNormal,Weibull,TruncGMM(K=2),20
KR_U194,Weekend,11,3,2,0.1364,TruncGMM(K=2),LogNormal,Weibull,TruncGMM(K=2),20
KR_U194,Weekend,12,5,2,0.2273,TruncGMM(K=2),LogNormal,Weibull,TruncGMM(K=2),5
KR_U89,Weekday,1,0,2,0.0,TruncGMM(K=2),TruncGMM(K=3),TruncGMM(K=3),TruncGMM(K=2),20
KR_U89,Weekday,2,0,2,0.0,TruncGMM(K=2),TruncGMM(K=3),TruncGMM(K=3),TruncGMM(K=2),20
KR_U89,Weekday,3,35,1,0.5072,TruncGMM(K=1),TruncGMM(K=2),Weibull,TruncGMM(K=2),35
KR_U89,Weekday,4,30,1,0.4348,TruncGMM(K=2),LogNormal,TruncGMM(K=2),LogNormal,30
KR_U89,Weekday,5,0,2,0.0,TruncGMM(K=2),TruncGMM(K=3),TruncGMM(K=3),TruncGMM(K=2),20
KR_U89,Weekday,6,1,2,0.0145,TruncGMM(K=2),TruncGMM(K=3),TruncGMM(K=3),TruncGMM(K=2),20
KR_U89,Weekday,7,1,2,0.0145,TruncGMM(K=2),TruncGMM(K=3),TruncGMM(K=3),TruncGMM(K=2),20
KR_U89,Weekday,8,0,2,0.0,TruncGMM(K=2),TruncGMM(K=3),TruncGMM(K=3),TruncGMM(K=2),20
KR_U89,Weekday,9,1,2,0.0145,TruncGMM(K=2),TruncGMM(K=3),TruncGMM(K=3),TruncGMM(K=2),20
KR_U89,Weekday,10,1,2,0.0145,TruncGMM(K=2),TruncGMM(K=3),TruncGMM(K=3),TruncGMM(K=2),20
KR_U89,Weekday,11,0,2,0.0,TruncGMM(K=2),TruncGMM(K=3),TruncGMM(K=3),TruncGMM(K=2),20
KR_U89,Weekday,12,0,2,0.0,TruncGMM(K=2),TruncGMM(K=3),TruncGMM(K=3),TruncGMM(K=2),20
KR_U1228,Weekday,1,0,2,0.0,TruncGMM(K=2),TruncGMM(K=5),TruncGMM(K=2),TruncGMM(K=2),20
KR_U1228,Weekday,2,0,2,0.0,TruncGMM(K=2),TruncGMM(K=5),TruncGMM(K=2),TruncGMM(K=2),20
KR_U1228,Weekday,3,0,2,0.0,TruncGMM(K=2),TruncGMM(K=5),TruncGMM(K=2),TruncGMM(K=2),20
KR_U1228,Weekday,4,0,2,0.0,TruncGMM(K=2),TruncGMM(K=5),TruncGMM(K=2),TruncGMM(K=2),20
KR_U1228,Weekday,5,1,2,0.0085,TruncGMM(K=2),TruncGMM(K=5),TruncGMM(K=2),TruncGMM(K=2),20
KR_U1228,Weekday,6,0,2,0.0,TruncGMM(K=2),TruncGMM(K=5),TruncGMM(K=2),TruncGMM(K=2),20
KR_U1228,Weekday,7,0,2,0.0,TruncGMM(K=2),TruncGMM(K=5),TruncGMM(K=2),TruncGMM(K=2),20
KR_U1228,Weekday,8,1,2,0.0085,TruncGMM(K=2),TruncGMM(K=5),TruncGMM(K=2),TruncGMM(K=2),20
KR_U1228,Weekday,9,46,1,0.3932,LogNormal,TruncGMM(K=2),LogNormal,Weibull,46
KR_U1228,Weekday,10,67,1,0.5726,TruncGMM(K=2),TruncGMM(K=5),TruncGMM(K=2),LogNormal,67
KR_U1228,Weekday,11,2,2,0.0171,TruncGMM(K=2),TruncGMM(K=5),TruncGMM(K=2),TruncGMM(K=2),20
KR_U1228,Weekday,12,0,2,0.0,TruncGMM(K=2),TruncGMM(K=5),TruncGMM(K=2),TruncGMM(K=2),20
KR_U1230,Weekday,1,0,2,0.0,TruncGMM(K=2),TruncGMM(K=6),TruncGMM(K=2),TruncGMM(K=3),20
KR_U1230,Weekday,2,0,2,0.0,TruncGMM(K=2),TruncGMM(K=6),TruncGMM(K=2),TruncGMM(K=3),20
KR_U1230,Weekday,3,0,2,0.0,TruncGMM(K=2),TruncGMM(K=6),TruncGMM(K=2),TruncGMM(K=3),20
KR_U1230,Weekday,4,0,2,0.0,TruncGMM(K=2),TruncGMM(K=6),TruncGMM(K=2),TruncGMM(K=3),20
KR_U1230,Weekday,5,0,2,0.0,TruncGMM(K=2),TruncGMM(K=6),TruncGMM(K=2),TruncGMM(K=3),20
KR_U1230,Weekday,6,0,2,0.0,TruncGMM(K=2),TruncGMM(K=6),TruncGMM(K=2),TruncGMM(K=3),20
KR_U1230,Weekday,7,3,2,0.0423,TruncGMM(K=2),TruncGMM(K=6),TruncGMM(K=2),TruncGMM(K=3),20
KR_U1230,Weekday,8,1,2,0.0141,TruncGMM(K=2),TruncGMM(K=6),TruncGMM(K=2),TruncGMM(K=3),20
KR_U1230,Weekday,9,58,1,0.8169,TruncGMM(K=2),TruncGMM(K=5),TruncGMM(K=2),TruncGMM(K=1),58
KR_U1230,Weekday,10,9,2,0.1268,TruncGMM(K=2),TruncGMM(K=6),TruncGMM(K=2),TruncGMM(K=3),9
KR_U1230,Weekday,11,0,2,0.0,TruncGMM(K=2),TruncGMM(K=6),TruncGMM(K=2),TruncGMM(K=3),20
KR_U1230,Weekday,12,0,2,0.0,TruncGMM(K=2),TruncGMM(K=6),TruncGMM(K=2),TruncGMM(K=3),20
KR_U127,Weekday,1,0,2,0.0,TruncGMM(K=1),TruncGMM(K=6),TruncGMM(K=1),Weibull,20
KR_U127,Weekday,2,0,2,0.0,TruncGMM(K=1),TruncGMM(K=6),TruncGMM(K=1),Weibull,20
KR_U127,Weekday,3,0,2,0.0,TruncGMM(K=1),TruncGMM(K=6),TruncGMM(K=1),Weibull,20
KR_U127,Weekday,4,0,2,0.0,TruncGMM(K=1),TruncGMM(K=6),TruncGMM(K=1),Weibull,20
KR_U127,Weekday,5,0,2,0.0,TruncGMM(K=1),TruncGMM(K=6),TruncGMM(K=1),Weibull,20
KR_U127,Weekday,6,11,2,0.094,TruncGMM(K=1),TruncGMM(K=6),TruncGMM(K=1),Weibull,11
KR_U127,Weekday,7,13,2,0.1111,TruncGMM(K=1),TruncGMM(K=6),TruncGMM(K=1),Weibull,13
KR_U127,Weekday,8,48,1,0.4103,TruncGMM(K=1),TruncGMM(K=2),TruncGMM(K=1),Weibull,48
KR_U127,Weekday,9,45,1,0.3846,TruncGMM(K=1),LogNormal,TruncGMM(K=1),TruncGMM(K=1),45
KR_U127,Weekday,10,0,2,0.0,TruncGMM(K=1),TruncGMM(K=6),TruncGMM(K=1),Weibull,20
KR_U127,Weekday,11,0,2,0.0,TruncGMM(K=1),TruncGMM(K=6),TruncGMM(K=1),Weibull,20
KR_U127,Weekday,12,0,2,0.0,TruncGMM(K=1),TruncGMM(K=6),TruncGMM(K=1),Weibull,20
KR_U109,Weekend,1,2,2,0.1,TruncGMM(K=2),Exponential,TruncGMM(K=2),TruncGMM(K=3),20
KR_U109,Weekend,2,0,2,0.0,TruncGMM(K=2),Exponential,TruncGMM(K=2),TruncGMM(K=3),20
KR_U109,Weekend,3,0,2,0.0,TruncGMM(K=2),Exponential,TruncGMM(K=2),TruncGMM(K=3),20
KR_U109,Weekend,4,0,2,0.0,TruncGMM(K=2),Exponential,TruncGMM(K=2),TruncGMM(K=3),20
KR_U109,Weekend,5,0,2,0.0,TruncGMM(K=2),Exponential,TruncGMM(K=2),TruncGMM(K=3),20
KR_U109,Weekend,6,1,2,0.05,TruncGMM(K=2),Exponential,TruncGMM(K=2),TruncGMM(K=3),20
KR_U109,Weekend,7,0,2,0.0,TruncGMM(K=2),Exponential,TruncGMM(K=2),TruncGMM(K=3),20
KR_U109,Weekend,8,1,2,0.05,TruncGMM(K=2),Exponential,TruncGMM(K=2),TruncGMM(K=3),20
KR_U109,Weekend,9,1,2,0.05,TruncGMM(K=2),Exponential,TruncGMM(K=2),TruncGMM(K=3),20
KR_U109,Weekend,10,3,2,0.15,TruncGMM(K=2),Exponential,TruncGMM(K=2),TruncGMM(K=3),20
KR_U109,Weekend,11,3,2,0.15,TruncGMM(K=2),Exponential,TruncGMM(K=2),TruncGMM(K=3),20
KR_U109,Weekend,12,9,2,0.45,TruncGMM(K=2),Exponential,TruncGMM(K=2),TruncGMM(K=3),9
KR_U195,Weekend,1,0,2,0.0,LogNormal,TruncGMM(K=4),Weibull,TruncGMM(K=2),20
KR_U195,Weekend,2,0,2,0.0,LogNormal,TruncGMM(K=4),Weibull,TruncGMM(K=2),20
KR_U195,Weekend,3,0,2,0.0,LogNormal,TruncGMM(K=4),Weibull,TruncGMM(K=2),20
KR_U195,Weekend,4,0,2,0.0,LogNormal,TruncGMM(K=4),Weibull,TruncGMM(K=2),20
KR_U195,Weekend,5,0,2,0.0,LogNormal,TruncGMM(K=4),Weibull,TruncGMM(K=2),20
KR_U195,Weekend,6,1,2,0.0625,LogNormal,TruncGMM(K=4),Weibull,TruncGMM(K=2),20
KR_U195,Weekend,7,6,2,0.375,LogNormal,TruncGMM(K=4),Weibull,TruncGMM(K=2),6
KR_U195,Weekend,8,2,2,0.125,LogNormal,TruncGMM(K=4),Weibull,TruncGMM(K=2),20
KR_U195,Weekend,9,2,2,0.125,LogNormal,TruncGMM(K=4),Weibull,TruncGMM(K=2),20
KR_U195,Weekend,10,0,2,0.0,LogNormal,TruncGMM(K=4),Weibull,TruncGMM(K=2),20
KR_U195,Weekend,11,2,2,0.125,LogNormal,TruncGMM(K=4),Weibull,TruncGMM(K=2),20
KR_U195,Weekend,12,3,2,0.1875,LogNormal,TruncGMM(K=4),Weibull,TruncGMM(K=2),20
KR_U1446,Weekday,1,0,2,0.0,Weibull,TruncGMM(K=4),TruncGMM(K=1),TruncGMM(K=3),20
KR_U1446,Weekday,2,0,2,0.0,Weibull,TruncGMM(K=4),TruncGMM(K=1),TruncGMM(K=3),20
KR_U1446,Weekday,3,0,2,0.0,Weibull,TruncGMM(K=4),TruncGMM(K=1),TruncGMM(K=3),20
KR_U1446,Weekday,4,0,2,0.0,Weibull,TruncGMM(K=4),TruncGMM(K=1),TruncGMM(K=3),20
KR_U1446,Weekday,5,3,2,0.0429,Weibull,TruncGMM(K=4),TruncGMM(K=1),TruncGMM(K=3),20
KR_U1446,Weekday,6,1,2,0.0143,Weibull,TruncGMM(K=4),TruncGMM(K=1),TruncGMM(K=3),20
KR_U1446,Weekday,7,0,2,0.0,Weibull,TruncGMM(K=4),TruncGMM(K=1),TruncGMM(K=3),20
KR_U1446,Weekday,8,5,2,0.0714,Weibull,TruncGMM(K=4),TruncGMM(K=1),TruncGMM(K=3),5
KR_U1446,Weekday,9,57,1,0.8143,Weibull,TruncGMM(K=5),Weibull,TruncGMM(K=1),57
KR_U1446,Weekday,10,3,2,0.0429,Weibull,TruncGMM(K=4),TruncGMM(K=1),TruncGMM(K=3),20
KR_U1446,Weekday,11,1,2,0.0143,Weibull,TruncGMM(K=4),TruncGMM(K=1),TruncGMM(K=3),20
KR_U1446,Weekday,12,0,2,0.0,Weibull,TruncGMM(K=4),TruncGMM(K=1),TruncGMM(K=3),20
KR_U98,Weekend,1,0,2,0.0,TruncGMM(K=1),TruncGMM(K=5),TruncGMM(K=2),TruncGMM(K=3),20
KR_U98,Weekend,2,0,2,0.0,TruncGMM(K=1),TruncGMM(K=5),TruncGMM(K=2),TruncGMM(K=3),20
KR_U98,Weekend,3,0,2,0.0,TruncGMM(K=1),TruncGMM(K=5),TruncGMM(K=2),TruncGMM(K=3),20
KR_U98,Weekend,4,0,2,0.0,TruncGMM(K=1),TruncGMM(K=5),TruncGMM(K=2),TruncGMM(K=3),20
KR_U98,Weekend,5,2,2,0.1,TruncGMM(K=1),TruncGMM(K=5),TruncGMM(K=2),TruncGMM(K=3),20
KR_U98,Weekend,6,0,2,0.0,TruncGMM(K=1),TruncGMM(K=5),TruncGMM(K=2),TruncGMM(K=3),20
KR_U98,Weekend,7,4,2,0.2,TruncGMM(K=1),TruncGMM(K=5),TruncGMM(K=2),TruncGMM(K=3),20
KR_U98,Weekend,8,2,2,0.1,TruncGMM(K=1),TruncGMM(K=5),TruncGMM(K=2),TruncGMM(K=3),20
KR_U98,Weekend,9,5,2,0.25,TruncGMM(K=1),TruncGMM(K=5),TruncGMM(K=2),TruncGMM(K=3),5
KR_U98,Weekend,10,5,2,0.25,TruncGMM(K=1),TruncGMM(K=5),TruncGMM(K=2),TruncGMM(K=3),5
KR_U98,Weekend,11,2,2,0.1,TruncGMM(K=1),TruncGMM(K=5),TruncGMM(K=2),TruncGMM(K=3),20
KR_U98,Weekend,12,0,2,0.0,TruncGMM(K=1),TruncGMM(K=5),TruncGMM(K=2),TruncGMM(K=3),20
KR_U236,Weekday,1,1,2,0.0185,TruncGMM(K=1),TruncGMM(K=1),Weibull,TruncGMM(K=2),20
KR_U236,Weekday,2,0,2,0.0,TruncGMM(K=1),TruncGMM(K=1),Weibull,TruncGMM(K=2),20
KR_U236,Weekday,3,2,2,0.037,TruncGMM(K=1),TruncGMM(K=1),Weibull,TruncGMM(K=2),20
KR_U236,Weekday,4,0,2,0.0,TruncGMM(K=1),TruncGMM(K=1),Weibull,TruncGMM(K=2),20
KR_U236,Weekday,5,1,2,0.0185,TruncGMM(K=1),TruncGMM(K=1),Weibull,TruncGMM(K=2),20
KR_U236,Weekday,6,0,2,0.0,TruncGMM(K=1),TruncGMM(K=1),Weibull,TruncGMM(K=2),20
KR_U236,Weekday,7,1,2,0.0185,TruncGMM(K=1),TruncGMM(K=1),Weibull,TruncGMM(K=2),20
KR_U236,Weekday,8,1,2,0.0185,TruncGMM(K=1),TruncGMM(K=1),Weibull,TruncGMM(K=2),20
KR_U236,Weekday,9,8,2,0.1481,TruncGMM(K=1),TruncGMM(K=1),Weibull,TruncGMM(K=2),8
KR_U236,Weekday,10,15,1,0.2778,TruncGMM(K=1),Weibull,Weibull,TruncGMM(K=1),15
KR_U236,Weekday,11,20,1,0.3704,TruncGMM(K=1),TruncGMM(K=4),TruncGMM(K=3),TruncGMM(K=3),20
KR_U236,Weekday,12,5,2,0.0926,TruncGMM(K=1),TruncGMM(K=1),Weibull,TruncGMM(K=2),5
KR_U98,Weekday,1,1,2,0.0101,TruncGMM(K=3),TruncGMM(K=6),TruncGMM(K=2),TruncGMM(K=2),20
KR_U98,Weekday,2,0,2,0.0,TruncGMM(K=3),TruncGMM(K=6),TruncGMM(K=2),TruncGMM(K=2),20
KR_U98,Weekday,3,0,2,0.0,TruncGMM(K=3),TruncGMM(K=6),TruncGMM(K=2),TruncGMM(K=2),20
KR_U98,Weekday,4,0,2,0.0,TruncGMM(K=3),TruncGMM(K=6),TruncGMM(K=2),TruncGMM(K=2),20
KR_U98,Weekday,5,1,2,0.0101,TruncGMM(K=3),TruncGMM(K=6),TruncGMM(K=2),TruncGMM(K=2),20
KR_U98,Weekday,6,1,2,0.0101,TruncGMM(K=3),TruncGMM(K=6),TruncGMM(K=2),TruncGMM(K=2),20
KR_U98,Weekday,7,9,2,0.0909,TruncGMM(K=3),TruncGMM(K=6),TruncGMM(K=2),TruncGMM(K=2),9
KR_U98,Weekday,8,25,1,0.2525,TruncGMM(K=3),TruncGMM(K=4),TruncGMM(K=3),Weibull,25
KR_U98,Weekday,9,33,1,0.3333,TruncGMM(K=1),Weibull,TruncGMM(K=3),TruncGMM(K=2),33
KR_U98,Weekday,10,25,1,0.2525,TruncGMM(K=1),TruncGMM(K=4),TruncGMM(K=1),LogNormal,25
KR_U98,Weekday,11,3,2,0.0303,TruncGMM(K=3),TruncGMM(K=6),TruncGMM(K=2),TruncGMM(K=2),20
KR_U98,Weekday,12,1,2,0.0101,TruncGMM(K=3),TruncGMM(K=6),TruncGMM(K=2),TruncGMM(K=2),20
KR_U186,Weekday,1,0,2,0.0,TruncGMM(K=3),TruncGMM(K=1),TruncGMM(K=2),TruncGMM(K=3),20
KR_U186,Weekday,2,0,2,0.0,TruncGMM(K=3),TruncGMM(K=1),TruncGMM(K=2),TruncGMM(K=3),20
KR_U186,Weekday,3,0,2,0.0,TruncGMM(K=3),TruncGMM(K=1),TruncGMM(K=2),TruncGMM(K=3),20
KR_U186,Weekday,4,0,2,0.0,TruncGMM(K=3),TruncGMM(K=1),TruncGMM(K=2),TruncGMM(K=3),20
KR_U186,Weekday,5,1,2,0.0125,TruncGMM(K=3),TruncGMM(K=1),TruncGMM(K=2),TruncGMM(K=3),20
KR_U186,Weekday,6,9,2,0.1125,TruncGMM(K=3),TruncGMM(K=1),TruncGMM(K=2),TruncGMM(K=3),9
KR_U186,Weekday,7,8,2,0.1,TruncGMM(K=3),TruncGMM(K=1),TruncGMM(K=2),TruncGMM(K=3),8
KR_U186,Weekday,8,1,2,0.0125,TruncGMM(K=3),TruncGMM(K=1),TruncGMM(K=2),TruncGMM(K=3),20
KR_U186,Weekday,9,0,2,0.0,TruncGMM(K=3),TruncGMM(K=1),TruncGMM(K=2),TruncGMM(K=3),20
KR_U186,Weekday,10,52,1,0.65,TruncGMM(K=3),TruncGMM(K=2),TruncGMM(K=2),TruncGMM(K=1),52
KR_U186,Weekday,11,7,2,0.0875,TruncGMM(K=3),TruncGMM(K=1),TruncGMM(K=2),TruncGMM(K=3),7
KR_U186,Weekday,12,2,2,0.025,TruncGMM(K=3),TruncGMM(K=1),TruncGMM(K=2),TruncGMM(K=3),20
KR_U73,Weekday,1,0,2,0.0,Weibull,TruncGMM(K=5),Weibull,TruncGMM(K=3),20
KR_U73,Weekday,2,0,2,0.0,Weibull,TruncGMM(K=5),Weibull,TruncGMM(K=3),20
KR_U73,Weekday,3,0,2,0.0,Weibull,TruncGMM(K=5),Weibull,TruncGMM(K=3),20
KR_U73,Weekday,4,2,2,0.0208,Weibull,TruncGMM(K=5),Weibull,TruncGMM(K=3),20
KR_U73,Weekday,5,8,2,0.0833,Weibull,TruncGMM(K=5),Weibull,TruncGMM(K=3),8
KR_U73,Weekday,6,39,1,0.4062,TruncGMM(K=2),LogNormal,TruncGMM(K=2),LogNormal,39
KR_U73,Weekday,7,16,1,0.1667,Weibull,TruncGMM(K=2),Weibull,Weibull,16
KR_U73,Weekday,8,24,1,0.25,TruncGMM(K=1),TruncGMM(K=1),TruncGMM(K=1),LogNormal,24
KR_U73,Weekday,9,5,2,0.0521,Weibull,TruncGMM(K=5),Weibull,TruncGMM(K=3),5
KR_U73,Weekday,10,0,2,0.0,Weibull,TruncGMM(K=5),Weibull,TruncGMM(K=3),20
KR_U73,Weekday,11,1,2,0.0104,Weibull,TruncGMM(K=5),Weibull,TruncGMM(K=3),20
KR_U73,Weekday,12,1,2,0.0104,Weibull,TruncGMM(K=5),Weibull,TruncGMM(K=3),20
KR_U73,Weekend,1,0,3,0.0,Weibull,TruncGMM(K=6),TruncGMM(K=2),TruncGMM(K=2),20
KR_U73,Weekend,2,0,3,0.0,Weibull,TruncGMM(K=6),TruncGMM(K=2),TruncGMM(K=2),20
KR_U73,Weekend,3,0,3,0.0,Weibull,TruncGMM(K=6),TruncGMM(K=2),TruncGMM(K=2),20
KR_U73,Weekend,4,0,3,0.0,Weibull,TruncGMM(K=6),TruncGMM(K=2),TruncGMM(K=2),20
KR_U73,Weekend,5,1,3,0.2,Weibull,TruncGMM(K=6),TruncGMM(K=2),TruncGMM(K=2),20
KR_U73,Weekend,6,1,3,0.2,Weibull,TruncGMM(K=6),TruncGMM(K=2),TruncGMM(K=2),20
KR_U73,Weekend,7,0,3,0.0,Weibull,TruncGMM(K=6),TruncGMM(K=2),TruncGMM(K=2),20
KR_U73,Weekend,8,2,3,0.3999,Weibull,TruncGMM(K=6),TruncGMM(K=2),TruncGMM(K=2),20
KR_U73,Weekend,9,1,3,0.2,Weibull,TruncGMM(K=6),TruncGMM(K=2),TruncGMM(K=2),20
KR_U73,Weekend,10,0,3,0.0,Weibull,TruncGMM(K=6),TruncGMM(K=2),TruncGMM(K=2),20
KR_U73,Weekend,11,0,3,0.0,Weibull,TruncGMM(K=6),TruncGMM(K=2),TruncGMM(K=2),20
KR_U73,Weekend,12,0,3,0.0,Weibull,TruncGMM(K=6),TruncGMM(K=2),TruncGMM(K=2),20
KR_U8,Weekday,1,0,2,0.0,LogNormal,TruncGMM(K=5),Weibull,TruncGMM(K=2),20
KR_U8,Weekday,2,0,2,0.0,LogNormal,TruncGMM(K=5),Weibull,TruncGMM(K=2),20
KR_U8,Weekday,3,0,2,0.0,LogNormal,TruncGMM(K=5),Weibull,TruncGMM(K=2),20
KR_U8,Weekday,4,1,2,0.0116,LogNormal,TruncGMM(K=5),Weibull,TruncGMM(K=2),20
KR_U8,Weekday,5,2,2,0.0233,LogNormal,TruncGMM(K=5),Weibull,TruncGMM(K=2),20
KR_U8,Weekday,6,2,2,0.0233,LogNormal,TruncGMM(K=5),Weibull,TruncGMM(K=2),20
KR_U8,Weekday,7,2,2,0.0233,LogNormal,TruncGMM(K=5),Weibull,TruncGMM(K=2),20
KR_U8,Weekday,8,7,2,0.0814,LogNormal,TruncGMM(K=5),Weibull,TruncGMM(K=2),7
KR_U8,Weekday,9,36,1,0.4186,Weibull,TruncGMM(K=5),Weibull,TruncGMM(K=3),36
KR_U8,Weekday,10,29,1,0.3372,LogNormal,TruncGMM(K=4),Weibull,TruncGMM(K=2),29
KR_U8,Weekday,11,7,2,0.0814,LogNormal,TruncGMM(K=5),Weibull,TruncGMM(K=2),7
KR_U8,Weekday,12,0,2,0.0,LogNormal,TruncGMM(K=5),Weibull,TruncGMM(K=2),20
KR_U1764,Weekend,1,0,2,0.0,Weibull,TruncGMM(K=1),TruncGMM(K=2),TruncGMM(K=2),20
KR_U1764,Weekend,2,0,2,0.0,Weibull,TruncGMM(K=1),TruncGMM(K=2),TruncGMM(K=2),20
KR_U1764,Weekend,3,0,2,0.0,Weibull,TruncGMM(K=1),TruncGMM(K=2),TruncGMM(K=2),20
KR_U1764,Weekend,4,0,2,0.0,Weibull,TruncGMM(K=1),TruncGMM(K=2),TruncGMM(K=2),20
KR_U1764,Weekend,5,2,2,0.0909,Weibull,TruncGMM(K=1),TruncGMM(K=2),TruncGMM(K=2),20
KR_U1764,Weekend,6,0,2,0.0,Weibull,TruncGMM(K=1),TruncGMM(K=2),TruncGMM(K=2),20
KR_U1764,Weekend,7,2,2,0.0909,Weibull,TruncGMM(K=1),TruncGMM(K=2),TruncGMM(K=2),20
KR_U1764,Weekend,8,4,2,0.1818,Weibull,TruncGMM(K=1),TruncGMM(K=2),TruncGMM(K=2),20
KR_U1764,Weekend,9,6,2,0.2727,Weibull,TruncGMM(K=1),TruncGMM(K=2),TruncGMM(K=2),6
KR_U1764,Weekend,10,7,2,0.3182,Weibull,TruncGMM(K=1),TruncGMM(K=2),TruncGMM(K=2),7
KR_U1764,Weekend,11,0,2,0.0,Weibull,TruncGMM(K=1),TruncGMM(K=2),TruncGMM(K=2),20
KR_U1764,Weekend,12,1,2,0.0455,Weibull,TruncGMM(K=1),TruncGMM(K=2),TruncGMM(K=2),20
KR_U199,Weekend,1,0,3,0.0,Weibull,TruncGMM(K=6),TruncGMM(K=2),TruncGMM(K=2),20
KR_U199,Weekend,2,0,3,0.0,Weibull,TruncGMM(K=6),TruncGMM(K=2),TruncGMM(K=2),20
KR_U199,Weekend,3,0,3,0.0,Weibull,TruncGMM(K=6),TruncGMM(K=2),TruncGMM(K=2),20
KR_U199,Weekend,4,0,3,0.0,Weibull,TruncGMM(K=6),TruncGMM(K=2),TruncGMM(K=2),20
KR_U199,Weekend,5,1,3,0.0833,Weibull,TruncGMM(K=6),TruncGMM(K=2),TruncGMM(K=2),20
KR_U199,Weekend,6,0,3,0.0,Weibull,TruncGMM(K=6),TruncGMM(K=2),TruncGMM(K=2),20
KR_U199,Weekend,7,0,3,0.0,Weibull,TruncGMM(K=6),TruncGMM(K=2),TruncGMM(K=2),20
KR_U199,Weekend,8,0,3,0.0,Weibull,TruncGMM(K=6),TruncGMM(K=2),TruncGMM(K=2),20
KR_U199,Weekend,9,7,3,0.5833,Weibull,TruncGMM(K=6),TruncGMM(K=2),TruncGMM(K=2),7
KR_U199,Weekend,10,4,3,0.3333,Weibull,TruncGMM(K=6),TruncGMM(K=2),TruncGMM(K=2),20
KR_U199,Weekend,11,0,3,0.0,Weibull,TruncGMM(K=6),TruncGMM(K=2),TruncGMM(K=2),20
KR_U199,Weekend,12,0,3,0.0,Weibull,TruncGMM(K=6),TruncGMM(K=2),TruncGMM(K=2),20
KR_U107,Weekday,1,0,2,0.0,TruncGMM(K=2),LogNormal,TruncGMM(K=3),TruncGMM(K=3),20
KR_U107,Weekday,2,0,2,0.0,TruncGMM(K=2),LogNormal,TruncGMM(K=3),TruncGMM(K=3),20
KR_U107,Weekday,3,1,2,0.0149,TruncGMM(K=2),LogNormal,TruncGMM(K=3),TruncGMM(K=3),20
KR_U107,Weekday,4,1,2,0.0149,TruncGMM(K=2),LogNormal,TruncGMM(K=3),TruncGMM(K=3),20
KR_U107,Weekday,5,1,2,0.0149,TruncGMM(K=2),LogNormal,TruncGMM(K=3),TruncGMM(K=3),20
KR_U107,Weekday,6,2,2,0.0299,TruncGMM(K=2),LogNormal,TruncGMM(K=3),TruncGMM(K=3),20
KR_U107,Weekday,7,0,2,0.0,TruncGMM(K=2),LogNormal,TruncGMM(K=3),TruncGMM(K=3),20
KR_U107,Weekday,8,0,2,0.0,TruncGMM(K=2),LogNormal,TruncGMM(K=3),TruncGMM(K=3),20
KR_U107,Weekday,9,10,2,0.1493,TruncGMM(K=2),LogNormal,TruncGMM(K=3),TruncGMM(K=3),10
KR_U107,Weekday,10,24,1,0.3582,TruncGMM(K=3),Exponential,TruncGMM(K=2),Weibull,24
KR_U107,Weekday,11,15,1,0.2239,LogNormal,LogNormal,TruncGMM(K=3),Weibull,15
KR_U107,Weekday,12,13,2,0.194,TruncGMM(K=2),LogNormal,TruncGMM(K=3),TruncGMM(K=3),13
KR_U64,Weekend,1,1,3,0.0909,Weibull,TruncGMM(K=6),TruncGMM(K=2),TruncGMM(K=2),20
KR_U64,Weekend,2,0,3,0.0,Weibull,TruncGMM(K=6),TruncGMM(K=2),TruncGMM(K=2),20
KR_U64,Weekend,3,2,3,0.1818,Weibull,TruncGMM(K=6),TruncGMM(K=2),TruncGMM(K=2),20
KR_U64,Weekend,4,0,3,0.0,Weibull,TruncGMM(K=6),TruncGMM(K=2),TruncGMM(K=2),20
KR_U64,Weekend,5,1,3,0.0909,Weibull,TruncGMM(K=6),TruncGMM(K=2),TruncGMM(K=2),20
KR_U64,Weekend,6,3,3,0.2727,Weibull,TruncGMM(K=6),TruncGMM(K=2),TruncGMM(K=2),20
KR_U64,Weekend,7,2,3,0.1818,Weibull,TruncGMM(K=6),TruncGMM(K=2),TruncGMM(K=2),20
KR_U64,Weekend,8,1,3,0.0909,Weibull,TruncGMM(K=6),TruncGMM(K=2),TruncGMM(K=2),20
KR_U64,Weekend,9,1,3,0.0909,Weibull,TruncGMM(K=6),TruncGMM(K=2),TruncGMM(K=2),20
KR_U64,Weekend,10,0,3,0.0,Weibull,TruncGMM(K=6),TruncGMM(K=2),TruncGMM(K=2),20
KR_U64,Weekend,11,0,3,0.0,Weibull,TruncGMM(K=6),TruncGMM(K=2),TruncGMM(K=2),20
KR_U64,Weekend,12,0,3,0.0,Weibull,TruncGMM(K=6),TruncGMM(K=2),TruncGMM(K=2),20
KR_U507,Weekend,1,0,2,0.0,TruncGMM(K=2),Exponential,TruncGMM(K=2),Weibull,20
KR_U507,Weekend,2,0,2,0.0,TruncGMM(K=2),Exponential,TruncGMM(K=2),Weibull,20
KR_U507,Weekend,3,0,2,0.0,TruncGMM(K=2),Exponential,TruncGMM(K=2),Weibull,20
KR_U507,Weekend,4,0,2,0.0,TruncGMM(K=2),Exponential,TruncGMM(K=2),Weibull,20
KR_U507,Weekend,5,1,2,0.0667,TruncGMM(K=2),Exponential,TruncGMM(K=2),Weibull,20
KR_U507,Weekend,6,1,2,0.0667,TruncGMM(K=2),Exponential,TruncGMM(K=2),Weibull,20
KR_U507,Weekend,7,0,2,0.0,TruncGMM(K=2),Exponential,TruncGMM(K=2),Weibull,20
KR_U507,Weekend,8,3,2,0.2,TruncGMM(K=2),Exponential,TruncGMM(K=2),Weibull,20
KR_U507,Weekend,9,4,2,0.2667,TruncGMM(K=2),Exponential,TruncGMM(K=2),Weibull,20
KR_U507,Weekend,10,4,2,0.2667,TruncGMM(K=2),Exponential,TruncGMM(K=2),Weibull,20
KR_U507,Weekend,11,2,2,0.1333,TruncGMM(K=2),Exponential,TruncGMM(K=2),Weibull,20
KR_U507,Weekend,12,0,2,0.0,TruncGMM(K=2),Exponential,TruncGMM(K=2),Weibull,20
KR_U291,Weekday,1,0,2,0.0,TruncGMM(K=2),TruncGMM(K=1),TruncGMM(K=1),TruncGMM(K=2),20
KR_U291,Weekday,2,0,2,0.0,TruncGMM(K=2),TruncGMM(K=1),TruncGMM(K=1),TruncGMM(K=2),20
KR_U291,Weekday,3,0,2,0.0,TruncGMM(K=2),TruncGMM(K=1),TruncGMM(K=1),TruncGMM(K=2),20
KR_U291,Weekday,4,0,2,0.0,TruncGMM(K=2),TruncGMM(K=1),TruncGMM(K=1),TruncGMM(K=2),20
KR_U291,Weekday,5,0,2,0.0,TruncGMM(K=2),TruncGMM(K=1),TruncGMM(K=1),TruncGMM(K=2),20
KR_U291,Weekday,6,8,2,0.1538,TruncGMM(K=2),TruncGMM(K=1),TruncGMM(K=1),TruncGMM(K=2),8
KR_U291,Weekday,7,5,2,0.0962,TruncGMM(K=2),TruncGMM(K=1),TruncGMM(K=1),TruncGMM(K=2),5
KR_U291,Weekday,8,8,2,0.1538,TruncGMM(K=2),TruncGMM(K=1),TruncGMM(K=1),TruncGMM(K=2),8
KR_U291,Weekday,9,19,1,0.3654,TruncGMM(K=3),TruncGMM(K=1),TruncGMM(K=1),TruncGMM(K=2),19
KR_U291,Weekday,10,6,2,0.1154,TruncGMM(K=2),TruncGMM(K=1),TruncGMM(K=1),TruncGMM(K=2),6
KR_U291,Weekday,11,6,2,0.1154,TruncGMM(K=2),TruncGMM(K=1),TruncGMM(K=1),TruncGMM(K=2),6
KR_U291,Weekday,12,0,2,0.0,TruncGMM(K=2),TruncGMM(K=1),TruncGMM(K=1),TruncGMM(K=2),20
KR_U187,Weekend,1,4,2,0.16,TruncGMM(K=2),TruncGMM(K=3),Weibull,TruncGMM(K=2),20
KR_U187,Weekend,2,1,2,0.04,TruncGMM(K=2),TruncGMM(K=3),Weibull,TruncGMM(K=2),20
KR_U187,Weekend,3,0,2,0.0,TruncGMM(K=2),TruncGMM(K=3),Weibull,TruncGMM(K=2),20
KR_U187,Weekend,4,0,2,0.0,TruncGMM(K=2),TruncGMM(K=3),Weibull,TruncGMM(K=2),20
KR_U187,Weekend,5,0,2,0.0,TruncGMM(K=2),TruncGMM(K=3),Weibull,TruncGMM(K=2),20
KR_U187,Weekend,6,0,2,0.0,TruncGMM(K=2),TruncGMM(K=3),Weibull,TruncGMM(K=2),20
KR_U187,Weekend,7,0,2,0.0,TruncGMM(K=2),TruncGMM(K=3),Weibull,TruncGMM(K=2),20
KR_U187,Weekend,8,0,2,0.0,TruncGMM(K=2),TruncGMM(K=3),Weibull,TruncGMM(K=2),20
KR_U187,Weekend,9,0,2,0.0,TruncGMM(K=2),TruncGMM(K=3),Weibull,TruncGMM(K=2),20
KR_U187,Weekend,10,0,2,0.0,TruncGMM(K=2),TruncGMM(K=3),Weibull,TruncGMM(K=2),20
KR_U187,Weekend,11,0,2,0.0,TruncGMM(K=2),TruncGMM(K=3),Weibull,TruncGMM(K=2),20
KR_U187,Weekend,12,20,1,0.8,TruncGMM(K=2),TruncGMM(K=3),TruncGMM(K=1),TruncGMM(K=1),20
KR_U8,Weekend,1,0,2,0.0,LogNormal,TruncGMM(K=1),Weibull,Weibull,20
KR_U8,Weekend,2,0,2,0.0,LogNormal,TruncGMM(K=1),Weibull,Weibull,20
KR_U8,Weekend,3,0,2,0.0,LogNormal,TruncGMM(K=1),Weibull,Weibull,20
KR_U8,Weekend,4,0,2,0.0,LogNormal,TruncGMM(K=1),Weibull,Weibull,20
KR_U8,Weekend,5,3,2,0.0968,LogNormal,TruncGMM(K=1),Weibull,Weibull,20
KR_U8,Weekend,6,6,2,0.1935,LogNormal,TruncGMM(K=1),Weibull,Weibull,6
KR_U8,Weekend,7,5,2,0.1613,LogNormal,TruncGMM(K=1),Weibull,Weibull,5
KR_U8,Weekend,8,3,2,0.0968,LogNormal,TruncGMM(K=1),Weibull,Weibull,20
KR_U8,Weekend,9,8,2,0.2581,LogNormal,TruncGMM(K=1),Weibull,Weibull,8
KR_U8,Weekend,10,5,2,0.1613,LogNormal,TruncGMM(K=1),Weibull,Weibull,5
KR_U8,Weekend,11,1,2,0.0323,LogNormal,TruncGMM(K=1),Weibull,Weibull,20
KR_U8,Weekend,12,0,2,0.0,LogNormal,TruncGMM(K=1),Weibull,Weibull,20
KR_U1222,Weekday,1,0,2,0.0,LogNormal,TruncGMM(K=6),Weibull,Weibull,20
KR_U1222,Weekday,2,0,2,0.0,LogNormal,TruncGMM(K=6),Weibull,Weibull,20
KR_U1222,Weekday,3,0,2,0.0,LogNormal,TruncGMM(K=6),Weibull,Weibull,20
KR_U1222,Weekday,4,0,2,0.0,LogNormal,TruncGMM(K=6),Weibull,Weibull,20
KR_U1222,Weekday,5,1,2,0.0143,LogNormal,TruncGMM(K=6),Weibull,Weibull,20
KR_U1222,Weekday,6,0,2,0.0,LogNormal,TruncGMM(K=6),Weibull,Weibull,20
KR_U1222,Weekday,7,0,2,0.0,LogNormal,TruncGMM(K=6),Weibull,Weibull,20
KR_U1222,Weekday,8,1,2,0.0143,LogNormal,TruncGMM(K=6),Weibull,Weibull,20
KR_U1222,Weekday,9,57,1,0.8143,LogNormal,TruncGMM(K=5),Weibull,TruncGMM(K=1),57
KR_U1222,Weekday,10,11,2,0.1571,LogNormal,TruncGMM(K=6),Weibull,Weibull,11
KR_U1222,Weekday,11,0,2,0.0,LogNormal,TruncGMM(K=6),Weibull,Weibull,20
KR_U1222,Weekday,12,0,2,0.0,LogNormal,TruncGMM(K=6),Weibull,Weibull,20
KR_U1764,Weekday,1,1,2,0.017,TruncGMM(K=1),Weibull,TruncGMM(K=1),TruncGMM(K=2),20
KR_U1764,Weekday,2,0,2,0.0,TruncGMM(K=1),Weibull,TruncGMM(K=1),TruncGMM(K=2),20
KR_U1764,Weekday,3,0,2,0.0,TruncGMM(K=1),Weibull,TruncGMM(K=1),TruncGMM(K=2),20
KR_U1764,Weekday,4,0,2,0.0,TruncGMM(K=1),Weibull,TruncGMM(K=1),TruncGMM(K=2),20
KR_U1764,Weekday,5,0,2,0.0,TruncGMM(K=1),Weibull,TruncGMM(K=1),TruncGMM(K=2),20
KR_U1764,Weekday,6,8,2,0.1356,TruncGMM(K=1),Weibull,TruncGMM(K=1),TruncGMM(K=2),8
KR_U1764,Weekday,7,2,2,0.0339,TruncGMM(K=1),Weibull,TruncGMM(K=1),TruncGMM(K=2),20
KR_U1764,Weekday,8,3,2,0.0508,TruncGMM(K=1),Weibull,TruncGMM(K=1),TruncGMM(K=2),20
KR_U1764,Weekday,9,4,2,0.0678,TruncGMM(K=1),Weibull,TruncGMM(K=1),TruncGMM(K=2),20
KR_U1764,Weekday,10,28,1,0.4746,TruncGMM(K=1),TruncGMM(K=3),Weibull,TruncGMM(K=3),28
KR_U1764,Weekday,11,11,2,0.1864,TruncGMM(K=1),Weibull,TruncGMM(K=1),TruncGMM(K=2),11
KR_U1764,Weekday,12,2,2,0.0339,TruncGMM(K=1),Weibull,TruncGMM(K=1),TruncGMM(K=2),20
KR_U64,Weekday,1,0,2,0.0,Weibull,Exponential,Weibull,TruncGMM(K=2),20
KR_U64,Weekday,2,0,2,0.0,Weibull,Exponential,Weibull,TruncGMM(K=2),20
KR_U64,Weekday,3,8,2,0.1481,Weibull,Exponential,Weibull,TruncGMM(K=2),8
KR_U64,Weekday,4,12,2,0.2222,Weibull,Exponential,Weibull,TruncGMM(K=2),12
KR_U64,Weekday,5,9,2,0.1667,Weibull,Exponential,Weibull,TruncGMM(K=2),9
KR_U64,Weekday,6,2,2,0.037,Weibull,Exponential,Weibull,TruncGMM(K=2),20
KR_U64,Weekday,7,0,2,0.0,Weibull,Exponential,Weibull,TruncGMM(K=2),20
KR_U64,Weekday,8,5,2,0.0926,Weibull,Exponential,Weibull,TruncGMM(K=2),5
KR_U64,Weekday,9,14,2,0.2593,Weibull,Exponential,Weibull,TruncGMM(K=2),14
KR_U64,Weekday,10,4,2,0.0741,Weibull,Exponential,Weibull,TruncGMM(K=2),20
KR_U64,Weekday,11,0,2,0.0,Weibull,Exponential,Weibull,TruncGMM(K=2),20
KR_U64,Weekday,12,0,2,0.0,Weibull,Exponential,Weibull,TruncGMM(K=2),20
KR_U124,Weekend,1,0,2,0.0,TruncGMM(K=1),TruncGMM(K=2),LogNormal,TruncGMM(K=3),20
KR_U124,Weekend,2,0,2,0.0,TruncGMM(K=1),TruncGMM(K=2),LogNormal,TruncGMM(K=3),20
KR_U124,Weekend,3,0,2,0.0,TruncGMM(K=1),TruncGMM(K=2),LogNormal,TruncGMM(K=3),20
KR_U124,Weekend,4,0,2,0.0,TruncGMM(K=1),TruncGMM(K=2),LogNormal,TruncGMM(K=3),20
KR_U124,Weekend,5,0,2,0.0,TruncGMM(K=1),TruncGMM(K=2),LogNormal,TruncGMM(K=3),20
KR_U124,Weekend,6,0,2,0.0,TruncGMM(K=1),TruncGMM(K=2),LogNormal,TruncGMM(K=3),20
KR_U124,Weekend,7,0,2,0.0,TruncGMM(K=1),TruncGMM(K=2),LogNormal,TruncGMM(K=3),20
KR_U124,Weekend,8,1,2,0.0385,TruncGMM(K=1),TruncGMM(K=2),LogNormal,TruncGMM(K=3),20
KR_U124,Weekend,9,2,2,0.0769,TruncGMM(K=1),TruncGMM(K=2),LogNormal,TruncGMM(K=3),20
KR_U124,Weekend,10,19,1,0.7307,TruncGMM(K=1),TruncGMM(K=2),TruncGMM(K=2),TruncGMM(K=2),19
KR_U124,Weekend,11,4,2,0.1538,TruncGMM(K=1),TruncGMM(K=2),LogNormal,TruncGMM(K=3),20
KR_U124,Weekend,12,0,2,0.0,TruncGMM(K=1),TruncGMM(K=2),LogNormal,TruncGMM(K=3),20
KR_U1230,Weekend,1,0,2,0.0,Weibull,TruncGMM(K=3),Weibull,LogNormal,20
KR_U1230,Weekend,2,0,2,0.0,Weibull,TruncGMM(K=3),Weibull,LogNormal,20
KR_U1230,Weekend,3,0,2,0.0,Weibull,TruncGMM(K=3),Weibull,LogNormal,20
KR_U1230,Weekend,4,0,2,0.0,Weibull,TruncGMM(K=3),Weibull,LogNormal,20
KR_U1230,Weekend,5,0,2,0.0,Weibull,TruncGMM(K=3),Weibull,LogNormal,20
KR_U1230,Weekend,6,0,2,0.0,Weibull,TruncGMM(K=3),Weibull,LogNormal,20
KR_U1230,Weekend,7,0,2,0.0,Weibull,TruncGMM(K=3),Weibull,LogNormal,20
KR_U1230,Weekend,8,2,2,0.1111,Weibull,TruncGMM(K=3),Weibull,LogNormal,20
KR_U1230,Weekend,9,15,1,0.8333,Weibull,TruncGMM(K=1),Weibull,Weibull,15
KR_U1230,Weekend,10,1,2,0.0556,Weibull,TruncGMM(K=3),Weibull,LogNormal,20
KR_U1230,Weekend,11,0,2,0.0,Weibull,TruncGMM(K=3),Weibull,LogNormal,20
KR_U1230,Weekend,12,0,2,0.0,Weibull,TruncGMM(K=3),Weibull,LogNormal,20
KR_U507,Weekday,1,0,2,0.0,TruncGMM(K=2),TruncGMM(K=1),Weibull,TruncGMM(K=2),20
KR_U507,Weekday,2,0,2,0.0,TruncGMM(K=2),TruncGMM(K=1),Weibull,TruncGMM(K=2),20
KR_U507,Weekday,3,0,2,0.0,TruncGMM(K=2),TruncGMM(K=1),Weibull,TruncGMM(K=2),20
KR_U507,Weekday,4,0,2,0.0,TruncGMM(K=2),TruncGMM(K=1),Weibull,TruncGMM(K=2),20
KR_U507,Weekday,5,2,2,0.0444,TruncGMM(K=2),TruncGMM(K=1),Weibull,TruncGMM(K=2),20
KR_U507,Weekday,6,2,2,0.0444,TruncGMM(K=2),TruncGMM(K=1),Weibull,TruncGMM(K=2),20
KR_U507,Weekday,7,0,2,0.0,TruncGMM(K=2),TruncGMM(K=1),Weibull,TruncGMM(K=2),20
KR_U507,Weekday,8,4,2,0.0889,TruncGMM(K=2),TruncGMM(K=1),Weibull,TruncGMM(K=2),20
KR_U507,Weekday,9,7,2,0.1556,TruncGMM(K=2),TruncGMM(K=1),Weibull,TruncGMM(K=2),7
KR_U507,Weekday,10,20,1,0.4444,TruncGMM(K=2),TruncGMM(K=1),Weibull,TruncGMM(K=2),20
KR_U507,Weekday,11,8,2,0.1778,TruncGMM(K=2),TruncGMM(K=1),Weibull,TruncGMM(K=2),8
KR_U507,Weekday,12,2,2,0.0444,TruncGMM(K=2),TruncGMM(K=1),Weibull,TruncGMM(K=2),20
KR_U127,Weekend,1,0,3,0.0001,Weibull,TruncGMM(K=6),TruncGMM(K=2),TruncGMM(K=2),20
KR_U127,Weekend,2,0,3,0.0001,Weibull,TruncGMM(K=6),TruncGMM(K=2),TruncGMM(K=2),20
KR_U127,Weekend,3,0,3,0.0001,Weibull,TruncGMM(K=6),TruncGMM(K=2),TruncGMM(K=2),20
KR_U127,Weekend,4,0,3,0.0001,Weibull,TruncGMM(K=6),TruncGMM(K=2),TruncGMM(K=2),20
KR_U127,Weekend,5,0,3,0.0001,Weibull,TruncGMM(K=6),TruncGMM(K=2),TruncGMM(K=2),20
KR_U127,Weekend,6,1,3,0.9989,Weibull,TruncGMM(K=6),TruncGMM(K=2),TruncGMM(K=2),20
KR_U127,Weekend,7,0,3,0.0001,Weibull,TruncGMM(K=6),TruncGMM(K=2),TruncGMM(K=2),20
KR_U127,Weekend,8,0,3,0.0001,Weibull,TruncGMM(K=6),TruncGMM(K=2),TruncGMM(K=2),20
KR_U127,Weekend,9,0,3,0.0001,Weibull,TruncGMM(K=6),TruncGMM(K=2),TruncGMM(K=2),20
KR_U127,Weekend,10,0,3,0.0001,Weibull,TruncGMM(K=6),TruncGMM(K=2),TruncGMM(K=2),20
KR_U127,Weekend,11,0,3,0.0001,Weibull,TruncGMM(K=6),TruncGMM(K=2),TruncGMM(K=2),20
KR_U127,Weekend,12,0,3,0.0001,Weibull,TruncGMM(K=6),TruncGMM(K=2),TruncGMM(K=2),20
KR_U1225,Weekend,1,0,2,0.0,LogNormal,TruncGMM(K=3),LogNormal,TruncGMM(K=2),20
KR_U1225,Weekend,2,0,2,0.0,LogNormal,TruncGMM(K=3),LogNormal,TruncGMM(K=2),20
KR_U1225,Weekend,3,0,2,0.0,LogNormal,TruncGMM(K=3),LogNormal,TruncGMM(K=2),20
KR_U1225,Weekend,4,0,2,0.0,LogNormal,TruncGMM(K=3),LogNormal,TruncGMM(K=2),20
KR_U1225,Weekend,5,0,2,0.0,LogNormal,TruncGMM(K=3),LogNormal,TruncGMM(K=2),20
KR_U1225,Weekend,6,0,2,0.0,LogNormal,TruncGMM(K=3),LogNormal,TruncGMM(K=2),20
KR_U1225,Weekend,7,0,2,0.0,LogNormal,TruncGMM(K=3),LogNormal,TruncGMM(K=2),20
KR_U1225,Weekend,8,2,2,0.0741,LogNormal,TruncGMM(K=3),LogNormal,TruncGMM(K=2),20
KR_U1225,Weekend,9,23,1,0.8518,LogNormal,LogNormal,LogNormal,LogNormal,23
KR_U1225,Weekend,10,2,2,0.0741,LogNormal,TruncGMM(K=3),LogNormal,TruncGMM(K=2),20
KR_U1225,Weekend,11,0,2,0.0,LogNormal,TruncGMM(K=3),LogNormal,TruncGMM(K=2),20
KR_U1225,Weekend,12,0,2,0.0,LogNormal,TruncGMM(K=3),LogNormal,TruncGMM(K=2),20
KR_U291,Weekend,1,0,2,0.0,TruncGMM(K=2),Exponential,TruncGMM(K=1),TruncGMM(K=1),20
KR_U291,Weekend,2,0,2,0.0,TruncGMM(K=2),Exponential,TruncGMM(K=1),TruncGMM(K=1),20
KR_U291,Weekend,3,0,2,0.0,TruncGMM(K=2),Exponential,TruncGMM(K=1),TruncGMM(K=1),20
KR_U291,Weekend,4,0,2,0.0,TruncGMM(K=2),Exponential,TruncGMM(K=1),TruncGMM(K=1),20
KR_U291,Weekend,5,0,2,0.0,TruncGMM(K=2),Exponential,TruncGMM(K=1),TruncGMM(K=1),20
KR_U291,Weekend,6,1,2,0.0357,TruncGMM(K=2),Exponential,TruncGMM(K=1),TruncGMM(K=1),20
KR_U291,Weekend,7,3,2,0.1071,TruncGMM(K=2),Exponential,TruncGMM(K=1),TruncGMM(K=1),20
KR_U291,Weekend,8,5,2,0.1786,TruncGMM(K=2),Exponential,TruncGMM(K=1),TruncGMM(K=1),5
KR_U291,Weekend,9,8,2,0.2857,TruncGMM(K=2),Exponential,TruncGMM(K=1),TruncGMM(K=1),8
KR_U291,Weekend,10,7,2,0.25,TruncGMM(K=2),Exponential,TruncGMM(K=1),TruncGMM(K=1),7
KR_U291,Weekend,11,3,2,0.1071,TruncGMM(K=2),Exponential,TruncGMM(K=1),TruncGMM(K=1),20
KR_U291,Weekend,12,1,2,0.0357,TruncGMM(K=2),Exponential,TruncGMM(K=1),TruncGMM(K=1),20
KR_U1222,Weekend,1,0,3,0.0,Weibull,TruncGMM(K=6),TruncGMM(K=2),TruncGMM(K=2),20
KR_U1222,Weekend,2,0,3,0.0,Weibull,TruncGMM(K=6),TruncGMM(K=2),TruncGMM(K=2),20
KR_U1222,Weekend,3,0,3,0.0,Weibull,TruncGMM(K=6),TruncGMM(K=2),TruncGMM(K=2),20
KR_U1222,Weekend,4,0,3,0.0,Weibull,TruncGMM(K=6),TruncGMM(K=2),TruncGMM(K=2),20
KR_U1222,Weekend,5,0,3,0.0,Weibull,TruncGMM(K=6),TruncGMM(K=2),TruncGMM(K=2),20
KR_U1222,Weekend,6,0,3,0.0,Weibull,TruncGMM(K=6),TruncGMM(K=2),TruncGMM(K=2),20
KR_U1222,Weekend,7,0,3,0.0,Weibull,TruncGMM(K=6),TruncGMM(K=2),TruncGMM(K=2),20
KR_U1222,Weekend,8,0,3,0.0,Weibull,TruncGMM(K=6),TruncGMM(K=2),TruncGMM(K=2),20
KR_U1222,Weekend,9,8,3,0.7999,Weibull,TruncGMM(K=6),TruncGMM(K=2),TruncGMM(K=2),8
KR_U1222,Weekend,10,2,3,0.2,Weibull,TruncGMM(K=6),TruncGMM(K=2),TruncGMM(K=2),20
KR_U1222,Weekend,11,0,3,0.0,Weibull,TruncGMM(K=6),TruncGMM(K=2),TruncGMM(K=2),20
KR_U1222,Weekend,12,0,3,0.0,Weibull,TruncGMM(K=6),TruncGMM(K=2),TruncGMM(K=2),20
KR_U280,Weekday,1,25,1,0.3521,TruncGMM(K=1),TruncGMM(K=6),TruncGMM(K=1),TruncGMM(K=1),25
KR_U280,Weekday,2,12,2,0.169,TruncGMM(K=1),TruncGMM(K=4),TruncGMM(K=1),TruncGMM(K=3),12
KR_U280,Weekday,3,10,2,0.1408,TruncGMM(K=1),TruncGMM(K=4),TruncGMM(K=1),TruncGMM(K=3),10
KR_U280,Weekday,4,13,2,0.1831,TruncGMM(K=1),TruncGMM(K=4),TruncGMM(K=1),TruncGMM(K=3),13
KR_U280,Weekday,5,0,2,0.0,TruncGMM(K=1),TruncGMM(K=4),TruncGMM(K=1),TruncGMM(K=3),20
KR_U280,Weekday,6,0,2,0.0,TruncGMM(K=1),TruncGMM(K=4),TruncGMM(K=1),TruncGMM(K=3),20
KR_U280,Weekday,7,0,2,0.0,TruncGMM(K=1),TruncGMM(K=4),TruncGMM(K=1),TruncGMM(K=3),20
KR_U280,Weekday,8,0,2,0.0,TruncGMM(K=1),TruncGMM(K=4),TruncGMM(K=1),TruncGMM(K=3),20
KR_U280,Weekday,9,0,2,0.0,TruncGMM(K=1),TruncGMM(K=4),TruncGMM(K=1),TruncGMM(K=3),20
KR_U280,Weekday,10,0,2,0.0,TruncGMM(K=1),TruncGMM(K=4),TruncGMM(K=1),TruncGMM(K=3),20
KR_U280,Weekday,11,3,2,0.0423,TruncGMM(K=1),TruncGMM(K=4),TruncGMM(K=1),TruncGMM(K=3),20
KR_U280,Weekday,12,8,2,0.1127,TruncGMM(K=1),TruncGMM(K=4),TruncGMM(K=1),TruncGMM(K=3),8
KR_U186,Weekend,1,0,2,0.0,TruncGMM(K=3),Exponential,TruncGMM(K=1),LogNormal,20
KR_U186,Weekend,2,0,2,0.0,TruncGMM(K=3),Exponential,TruncGMM(K=1),LogNormal,20
KR_U186,Weekend,3,0,2,0.0,TruncGMM(K=3),Exponential,TruncGMM(K=1),LogNormal,20
KR_U186,Weekend,4,0,2,0.0,TruncGMM(K=3),Exponential,TruncGMM(K=1),LogNormal,20
KR_U186,Weekend,5,1,2,0.0526,TruncGMM(K=3),Exponential,TruncGMM(K=1),LogNormal,20
KR_U186,Weekend,6,3,2,0.1579,TruncGMM(K=3),Exponential,TruncGMM(K=1),LogNormal,20
KR_U186,Weekend,7,3,2,0.1579,TruncGMM(K=3),Exponential,TruncGMM(K=1),LogNormal,20
KR_U186,Weekend,8,4,2,0.2105,TruncGMM(K=3),Exponential,TruncGMM(K=1),LogNormal,20
KR_U186,Weekend,9,3,2,0.1579,TruncGMM(K=3),Exponential,TruncGMM(K=1),LogNormal,20
KR_U186,Weekend,10,2,2,0.1053,TruncGMM(K=3),Exponential,TruncGMM(K=1),LogNormal,20
KR_U186,Weekend,11,2,2,0.1053,TruncGMM(K=3),Exponential,TruncGMM(K=1),LogNormal,20
KR_U186,Weekend,12,1,2,0.0526,TruncGMM(K=3),Exponential,TruncGMM(K=1),LogNormal,20
KR_U109,Weekday,1,6,2,0.0952,TruncGMM(K=1),TruncGMM(K=5),TruncGMM(K=1),TruncGMM(K=3),6
KR_U109,Weekday,2,0,2,0.0,TruncGMM(K=1),TruncGMM(K=5),TruncGMM(K=1),TruncGMM(K=3),20
KR_U109,Weekday,3,1,2,0.0159,TruncGMM(K=1),TruncGMM(K=5),TruncGMM(K=1),TruncGMM(K=3),20
KR_U109,Weekday,4,0,2,0.0,TruncGMM(K=1),TruncGMM(K=5),TruncGMM(K=1),TruncGMM(K=3),20
KR_U109,Weekday,5,1,2,0.0159,TruncGMM(K=1),TruncGMM(K=5),TruncGMM(K=1),TruncGMM(K=3),20
KR_U109,Weekday,6,1,2,0.0159,TruncGMM(K=1),TruncGMM(K=5),TruncGMM(K=1),TruncGMM(K=3),20
KR_U109,Weekday,7,0,2,0.0,TruncGMM(K=1),TruncGMM(K=5),TruncGMM(K=1),TruncGMM(K=3),20
KR_U109,Weekday,8,2,2,0.0317,TruncGMM(K=1),TruncGMM(K=5),TruncGMM(K=1),TruncGMM(K=3),20
KR_U109,Weekday,9,0,2,0.0,TruncGMM(K=1),TruncGMM(K=5),TruncGMM(K=1),TruncGMM(K=3),20
KR_U109,Weekday,10,21,1,0.3333,TruncGMM(K=2),TruncGMM(K=6),TruncGMM(K=1),Weibull,21
KR_U109,Weekday,11,12,2,0.1905,TruncGMM(K=1),TruncGMM(K=5),TruncGMM(K=1),TruncGMM(K=3),12
KR_U109,Weekday,12,19,1,0.3016,Weibull,TruncGMM(K=4),Weibull,Weibull,19
KR_U106,Weekend,1,0,2,0.0,Weibull,Exponential,TruncGMM(K=1),TruncGMM(K=1),20
KR_U106,Weekend,2,0,2,0.0,Weibull,Exponential,TruncGMM(K=1),TruncGMM(K=1),20
KR_U106,Weekend,3,0,2,0.0,Weibull,Exponential,TruncGMM(K=1),TruncGMM(K=1),20
KR_U106,Weekend,4,1,2,0.0217,Weibull,Exponential,TruncGMM(K=1),TruncGMM(K=1),20
KR_U106,Weekend,5,0,2,0.0,Weibull,Exponential,TruncGMM(K=1),TruncGMM(K=1),20
KR_U106,Weekend,6,2,2,0.0435,Weibull,Exponential,TruncGMM(K=1),TruncGMM(K=1),20
KR_U106,Weekend,7,6,2,0.1304,Weibull,Exponential,TruncGMM(K=1),TruncGMM(K=1),6
KR_U106,Weekend,8,12,2,0.2609,Weibull,Exponential,TruncGMM(K=1),TruncGMM(K=1),12
KR_U106,Weekend,9,11,2,0.2391,Weibull,Exponential,TruncGMM(K=1),TruncGMM(K=1),11
KR_U106,Weekend,10,9,2,0.1956,Weibull,Exponential,TruncGMM(K=1),TruncGMM(K=1),9
KR_U106,Weekend,11,3,2,0.0652,Weibull,Exponential,TruncGMM(K=1),TruncGMM(K=1),20
KR_U106,Weekend,12,2,2,0.0435,Weibull,Exponential,TruncGMM(K=1),TruncGMM(K=1),20
KR_U106,Weekday,1,1,2,0.0102,TruncGMM(K=2),TruncGMM(K=4),TruncGMM(K=2),TruncGMM(K=2),20
KR_U106,Weekday,2,0,2,0.0,TruncGMM(K=2),TruncGMM(K=4),TruncGMM(K=2),TruncGMM(K=2),20
KR_U106,Weekday,3,0,2,0.0,TruncGMM(K=2),TruncGMM(K=4),TruncGMM(K=2),TruncGMM(K=2),20
KR_U106,Weekday,4,0,2,0.0,TruncGMM(K=2),TruncGMM(K=4),TruncGMM(K=2),TruncGMM(K=2),20
KR_U106,Weekday,5,0,2,0.0,TruncGMM(K=2),TruncGMM(K=4),TruncGMM(K=2),TruncGMM(K=2),20
KR_U106,Weekday,6,1,2,0.0102,TruncGMM(K=2),TruncGMM(K=4),TruncGMM(K=2),TruncGMM(K=2),20
KR_U106,Weekday,7,2,2,0.0204,TruncGMM(K=2),TruncGMM(K=4),TruncGMM(K=2),TruncGMM(K=2),20
KR_U106,Weekday,8,0,2,0.0,TruncGMM(K=2),TruncGMM(K=4),TruncGMM(K=2),TruncGMM(K=2),20
KR_U106,Weekday,9,2,2,0.0204,TruncGMM(K=2),TruncGMM(K=4),TruncGMM(K=2),TruncGMM(K=2),20
KR_U106,Weekday,10,43,1,0.4388,TruncGMM(K=3),TruncGMM(K=2),TruncGMM(K=2),LogNormal,43
KR_U106,Weekday,11,46,1,0.4694,TruncGMM(K=3),TruncGMM(K=3),TruncGMM(K=2),TruncGMM(K=2),46
KR_U106,Weekday,12,3,2,0.0306,TruncGMM(K=2),TruncGMM(K=4),TruncGMM(K=2),TruncGMM(K=2),20
KR_U199,Weekday,1,0,2,0.0,TruncGMM(K=2),TruncGMM(K=4),TruncGMM(K=1),Weibull,20
KR_U199,Weekday,2,0,2,0.0,TruncGMM(K=2),TruncGMM(K=4),TruncGMM(K=1),Weibull,20
KR_U199,Weekday,3,0,2,0.0,TruncGMM(K=2),TruncGMM(K=4),TruncGMM(K=1),Weibull,20
KR_U199,Weekday,4,0,2,0.0,TruncGMM(K=2),TruncGMM(K=4),TruncGMM(K=1),Weibull,20
KR_U199,Weekday,5,2,2,0.0299,TruncGMM(K=2),TruncGMM(K=4),TruncGMM(K=1),Weibull,20
KR_U199,Weekday,6,0,2,0.0,TruncGMM(K=2),TruncGMM(K=4),TruncGMM(K=1),Weibull,20
KR_U199,Weekday,7,0,2,0.0,TruncGMM(K=2),TruncGMM(K=4),TruncGMM(K=1),Weibull,20
KR_U199,Weekday,8,3,2,0.0448,TruncGMM(K=2),TruncGMM(K=4),TruncGMM(K=1),Weibull,20
KR_U199,Weekday,9,13,2,0.194,TruncGMM(K=2),TruncGMM(K=4),TruncGMM(K=1),Weibull,13
KR_U199,Weekday,10,19,1,0.2836,TruncGMM(K=2),LogNormal,TruncGMM(K=1),LogNormal,19
KR_U199,Weekday,11,26,1,0.3881,TruncGMM(K=2),TruncGMM(K=4),Weibull,TruncGMM(K=2),26
KR_U199,Weekday,12,4,2,0.0597,TruncGMM(K=2),TruncGMM(K=4),TruncGMM(K=1),Weibull,20
KR_U194,Weekday,1,2,2,0.0267,TruncGMM(K=1),Weibull,TruncGMM(K=1),TruncGMM(K=3),20
KR_U194,Weekday,2,0,2,0.0,TruncGMM(K=1),Weibull,TruncGMM(K=1),TruncGMM(K=3),20
KR_U194,Weekday,3,1,2,0.0133,TruncGMM(K=1),Weibull,TruncGMM(K=1),TruncGMM(K=3),20
KR_U194,Weekday,4,0,2,0.0,TruncGMM(K=1),Weibull,TruncGMM(K=1),TruncGMM(K=3),20
KR_U194,Weekday,5,0,2,0.0,TruncGMM(K=1),Weibull,TruncGMM(K=1),TruncGMM(K=3),20
KR_U194,Weekday,6,0,2,0.0,TruncGMM(K=1),Weibull,TruncGMM(K=1),TruncGMM(K=3),20
KR_U194,Weekday,7,6,2,0.08,TruncGMM(K=1),Weibull,TruncGMM(K=1),TruncGMM(K=3),6
KR_U194,Weekday,8,13,2,0.1733,TruncGMM(K=1),Weibull,TruncGMM(K=1),TruncGMM(K=3),13
KR_U194,Weekday,9,14,2,0.1867,TruncGMM(K=1),Weibull,TruncGMM(K=1),TruncGMM(K=3),14
KR_U194,Weekday,10,8,2,0.1067,TruncGMM(K=1),Weibull,TruncGMM(K=1),TruncGMM(K=3),8
KR_U194,Weekday,11,6,2,0.08,TruncGMM(K=1),Weibull,TruncGMM(K=1),TruncGMM(K=3),6
KR_U194,Weekday,12,25,1,0.3333,TruncGMM(K=2),Exponential,TruncGMM(K=1),TruncGMM(K=1),25
KR_U124,Weekday,1,0,2,0.0,Weibull,TruncGMM(K=5),TruncGMM(K=1),TruncGMM(K=2),20
KR_U124,Weekday,2,0,2,0.0,Weibull,TruncGMM(K=5),TruncGMM(K=1),TruncGMM(K=2),20
KR_U124,Weekday,3,0,2,0.0,Weibull,TruncGMM(K=5),TruncGMM(K=1),TruncGMM(K=2),20
KR_U124,Weekday,4,1,2,0.0152,Weibull,TruncGMM(K=5),TruncGMM(K=1),TruncGMM(K=2),20
KR_U124,Weekday,5,1,2,0.0152,Weibull,TruncGMM(K=5),TruncGMM(K=1),TruncGMM(K=2),20
KR_U124,Weekday,6,1,2,0.0152,Weibull,TruncGMM(K=5),TruncGMM(K=1),TruncGMM(K=2),20
KR_U124,Weekday,7,0,2,0.0,Weibull,TruncGMM(K=5),TruncGMM(K=1),TruncGMM(K=2),20
KR_U124,Weekday,8,0,2,0.0,Weibull,TruncGMM(K=5),TruncGMM(K=1),TruncGMM(K=2),20
KR_U124,Weekday,9,1,2,0.0152,Weibull,TruncGMM(K=5),TruncGMM(K=1),TruncGMM(K=2),20
KR_U124,Weekday,10,49,1,0.7424,Weibull,TruncGMM(K=2),TruncGMM(K=1),TruncGMM(K=2),49
KR_U124,Weekday,11,8,2,0.1212,Weibull,TruncGMM(K=5),TruncGMM(K=1),TruncGMM(K=2),8
KR_U124,Weekday,12,5,2,0.0758,Weibull,TruncGMM(K=5),TruncGMM(K=1),TruncGMM(K=2),5
KR_U89,Weekend,1,0,2,0.0,Weibull,LogNormal,Weibull,TruncGMM(K=2),20
KR_U89,Weekend,2,0,2,0.0,Weibull,LogNormal,Weibull,TruncGMM(K=2),20
KR_U89,Weekend,3,12,2,0.6666,Weibull,LogNormal,Weibull,TruncGMM(K=2),12
KR_U89,Weekend,4,6,2,0.3333,Weibull,LogNormal,Weibull,TruncGMM(K=2),6
KR_U89,Weekend,5,0,2,0.0,Weibull,LogNormal,Weibull,TruncGMM(K=2),20
KR_U89,Weekend,6,0,2,0.0,Weibull,LogNormal,Weibull,TruncGMM(K=2),20
KR_U89,Weekend,7,0,2,0.0,Weibull,LogNormal,Weibull,TruncGMM(K=2),20
KR_U89,Weekend,8,0,2,0.0,Weibull,LogNormal,Weibull,TruncGMM(K=2),20
KR_U89,Weekend,9,0,2,0.0,Weibull,LogNormal,Weibull,TruncGMM(K=2),20
KR_U89,Weekend,10,0,2,0.0,Weibull,LogNormal,Weibull,TruncGMM(K=2),20
KR_U89,Weekend,11,0,2,0.0,Weibull,LogNormal,Weibull,TruncGMM(K=2),20
KR_U89,Weekend,12,0,2,0.0,Weibull,LogNormal,Weibull,TruncGMM(K=2),20
KR_U1629,Weekend,1,0,3,0.0,Weibull,TruncGMM(K=6),TruncGMM(K=2),TruncGMM(K=2),20
KR_U1629,Weekend,2,0,3,0.0,Weibull,TruncGMM(K=6),TruncGMM(K=2),TruncGMM(K=2),20
KR_U1629,Weekend,3,0,3,0.0,Weibull,TruncGMM(K=6),TruncGMM(K=2),TruncGMM(K=2),20
KR_U1629,Weekend,4,0,3,0.0,Weibull,TruncGMM(K=6),TruncGMM(K=2),TruncGMM(K=2),20
KR_U1629,Weekend,5,1,3,0.1428,Weibull,TruncGMM(K=6),TruncGMM(K=2),TruncGMM(K=2),20
KR_U1629,Weekend,6,0,3,0.0,Weibull,TruncGMM(K=6),TruncGMM(K=2),TruncGMM(K=2),20
KR_U1629,Weekend,7,1,3,0.1428,Weibull,TruncGMM(K=6),TruncGMM(K=2),TruncGMM(K=2),20
KR_U1629,Weekend,8,3,3,0.4285,Weibull,TruncGMM(K=6),TruncGMM(K=2),TruncGMM(K=2),20
KR_U1629,Weekend,9,1,3,0.1428,Weibull,TruncGMM(K=6),TruncGMM(K=2),TruncGMM(K=2),20
KR_U1629,Weekend,10,0,3,0.0,Weibull,TruncGMM(K=6),TruncGMM(K=2),TruncGMM(K=2),20
KR_U1629,Weekend,11,0,3,0.0,Weibull,TruncGMM(K=6),TruncGMM(K=2),TruncGMM(K=2),20
KR_U1629,Weekend,12,1,3,0.1428,Weibull,TruncGMM(K=6),TruncGMM(K=2),TruncGMM(K=2),20
KR_U107,Weekend,1,0,2,0.0,LogNormal,TruncGMM(K=3),TruncGMM(K=2),TruncGMM(K=1),20
KR_U107,Weekend,2,0,2,0.0,LogNormal,TruncGMM(K=3),TruncGMM(K=2),TruncGMM(K=1),20
KR_U107,Weekend,3,0,2,0.0,LogNormal,TruncGMM(K=3),TruncGMM(K=2),TruncGMM(K=1),20
KR_U107,Weekend,4,3,2,0.1034,LogNormal,TruncGMM(K=3),TruncGMM(K=2),TruncGMM(K=1),20
KR_U107,Weekend,5,1,2,0.0345,LogNormal,TruncGMM(K=3),TruncGMM(K=2),TruncGMM(K=1),20
KR_U107,Weekend,6,5,2,0.1724,LogNormal,TruncGMM(K=3),TruncGMM(K=2),TruncGMM(K=1),5
KR_U107,Weekend,7,5,2,0.1724,LogNormal,TruncGMM(K=3),TruncGMM(K=2),TruncGMM(K=1),5
KR_U107,Weekend,8,1,2,0.0345,LogNormal,TruncGMM(K=3),TruncGMM(K=2),TruncGMM(K=1),20
KR_U107,Weekend,9,6,2,0.2069,LogNormal,TruncGMM(K=3),TruncGMM(K=2),TruncGMM(K=1),6
KR_U107,Weekend,10,5,2,0.1724,LogNormal,TruncGMM(K=3),TruncGMM(K=2),TruncGMM(K=1),5
KR_U107,Weekend,11,2,2,0.069,LogNormal,TruncGMM(K=3),TruncGMM(K=2),TruncGMM(K=1),20
KR_U107,Weekend,12,1,2,0.0345,LogNormal,TruncGMM(K=3),TruncGMM(K=2),TruncGMM(K=1),20
KR_U1225,Weekday,1,0,2,0.0,LogNormal,TruncGMM(K=4),TruncGMM(K=1),TruncGMM(K=2),20
KR_U1225,Weekday,2,0,2,0.0,LogNormal,TruncGMM(K=4),TruncGMM(K=1),TruncGMM(K=2),20
KR_U1225,Weekday,3,0,2,0.0,LogNormal,TruncGMM(K=4),TruncGMM(K=1),TruncGMM(K=2),20
KR_U1225,Weekday,4,0,2,0.0,LogNormal,TruncGMM(K=4),TruncGMM(K=1),TruncGMM(K=2),20
KR_U1225,Weekday,5,1,2,0.0094,LogNormal,TruncGMM(K=4),TruncGMM(K=1),TruncGMM(K=2),20
KR_U1225,Weekday,6,0,2,0.0,LogNormal,TruncGMM(K=4),TruncGMM(K=1),TruncGMM(K=2),20
KR_U1225,Weekday,7,1,2,0.0094,LogNormal,TruncGMM(K=4),TruncGMM(K=1),TruncGMM(K=2),20
KR_U1225,Weekday,8,1,2,0.0094,LogNormal,TruncGMM(K=4),TruncGMM(K=1),TruncGMM(K=2),20
KR_U1225,Weekday,9,84,1,0.7924,LogNormal,TruncGMM(K=5),Weibull,Weibull,84
KR_U1225,Weekday,10,19,1,0.1792,LogNormal,TruncGMM(K=3),LogNormal,LogNormal,19
KR_U1225,Weekday,11,0,2,0.0,LogNormal,TruncGMM(K=4),TruncGMM(K=1),TruncGMM(K=2),20
KR_U1225,Weekday,12,0,2,0.0,LogNormal,TruncGMM(K=4),TruncGMM(K=1),TruncGMM(K=2),20
KR_U42,Weekend,1,0,2,0.0,TruncGMM(K=1),Exponential,TruncGMM(K=2),LogNormal,20
KR_U42,Weekend,2,0,2,0.0,TruncGMM(K=1),Exponential,TruncGMM(K=2),LogNormal,20
KR_U42,Weekend,3,0,2,0.0,TruncGMM(K=1),Exponential,TruncGMM(K=2),LogNormal,20
KR_U42,Weekend,4,0,2,0.0,TruncGMM(K=1),Exponential,TruncGMM(K=2),LogNormal,20
KR_U42,Weekend,5,3,2,0.1667,TruncGMM(K=1),Exponential,TruncGMM(K=2),LogNormal,20
KR_U42,Weekend,6,5,2,0.2778,TruncGMM(K=1),Exponential,TruncGMM(K=2),LogNormal,5
KR_U42,Weekend,7,3,2,0.1667,TruncGMM(K=1),Exponential,TruncGMM(K=2),LogNormal,20
KR_U42,Weekend,8,2,2,0.1111,TruncGMM(K=1),Exponential,TruncGMM(K=2),LogNormal,20
KR_U42,Weekend,9,1,2,0.0556,TruncGMM(K=1),Exponential,TruncGMM(K=2),LogNormal,20
KR_U42,Weekend,10,2,2,0.1111,TruncGMM(K=1),Exponential,TruncGMM(K=2),LogNormal,20
KR_U42,Weekend,11,1,2,0.0556,TruncGMM(K=1),Exponential,TruncGMM(K=2),LogNormal,20
KR_U42,Weekend,12,1,2,0.0556,TruncGMM(K=1),Exponential,TruncGMM(K=2),LogNormal,20
KR_U283,Weekend,1,0,2,0.0,LogNormal,Exponential,Weibull,Weibull,20
KR_U283,Weekend,2,0,2,0.0,LogNormal,Exponential,Weibull,Weibull,20
KR_U283,Weekend,3,0,2,0.0,LogNormal,Exponential,Weibull,Weibull,20
KR_U283,Weekend,4,2,2,0.0339,LogNormal,Exponential,Weibull,Weibull,20
KR_U283,Weekend,5,11,2,0.1864,LogNormal,Exponential,Weibull,Weibull,11
KR_U283,Weekend,6,6,2,0.1017,LogNormal,Exponential,Weibull,Weibull,6
KR_U283,Weekend,7,11,2,0.1864,LogNormal,Exponential,Weibull,Weibull,11
KR_U283,Weekend,8,12,2,0.2034,LogNormal,Exponential,Weibull,Weibull,12
KR_U283,Weekend,9,6,2,0.1017,LogNormal,Exponential,Weibull,Weibull,6
KR_U283,Weekend,10,9,2,0.1525,LogNormal,Exponential,Weibull,Weibull,9
KR_U283,Weekend,11,1,2,0.017,LogNormal,Exponential,Weibull,Weibull,20
KR_U283,Weekend,12,1,2,0.017,LogNormal,Exponential,Weibull,Weibull,20
KR_U236,Weekend,1,2,2,0.0769,TruncGMM(K=1),Exponential,TruncGMM(K=1),TruncGMM(K=1),20
KR_U236,Weekend,2,0,2,0.0,TruncGMM(K=1),Exponential,TruncGMM(K=1),TruncGMM(K=1),20
KR_U236,Weekend,3,0,2,0.0,TruncGMM(K=1),Exponential,TruncGMM(K=1),TruncGMM(K=1),20
KR_U236,Weekend,4,0,2,0.0,TruncGMM(K=1),Exponential,TruncGMM(K=1),TruncGMM(K=1),20
KR_U236,Weekend,5,2,2,0.0769,TruncGMM(K=1),Exponential,TruncGMM(K=1),TruncGMM(K=1),20
KR_U236,Weekend,6,1,2,0.0385,TruncGMM(K=1),Exponential,TruncGMM(K=1),TruncGMM(K=1),20
KR_U236,Weekend,7,0,2,0.0,TruncGMM(K=1),Exponential,TruncGMM(K=1),TruncGMM(K=1),20
KR_U236,Weekend,8,4,2,0.1538,TruncGMM(K=1),Exponential,TruncGMM(K=1),TruncGMM(K=1),20
KR_U236,Weekend,9,3,2,0.1154,TruncGMM(K=1),Exponential,TruncGMM(K=1),TruncGMM(K=1),20
KR_U236,Weekend,10,4,2,0.1538,TruncGMM(K=1),Exponential,TruncGMM(K=1),TruncGMM(K=1),20
KR_U236,Weekend,11,10,2,0.3846,TruncGMM(K=1),Exponential,TruncGMM(K=1),TruncGMM(K=1),10
KR_U236,Weekend,12,0,2,0.0,TruncGMM(K=1),Exponential,TruncGMM(K=1),TruncGMM(K=1),20
KR_U1629,Weekday,1,0,2,0.0,LogNormal,TruncGMM(K=4),TruncGMM(K=3),LogNormal,20
KR_U1629,Weekday,2,0,2,0.0,LogNormal,TruncGMM(K=4),TruncGMM(K=3),LogNormal,20
KR_U1629,Weekday,3,0,2,0.0,LogNormal,TruncGMM(K=4),TruncGMM(K=3),LogNormal,20
KR_U1629,Weekday,4,0,2,0.0,LogNormal,TruncGMM(K=4),TruncGMM(K=3),LogNormal,20
KR_U1629,Weekday,5,26,1,0.268,LogNormal,Exponential,TruncGMM(K=2),LogNormal,26
KR_U1629,Weekday,6,13,2,0.134,LogNormal,TruncGMM(K=4),TruncGMM(K=3),LogNormal,13
KR_U1629,Weekday,7,20,1,0.2062,Weibull,Weibull,Weibull,TruncGMM(K=2),20
KR_U1629,Weekday,8,15,1,0.1546,Weibull,TruncGMM(K=2),LogNormal,TruncGMM(K=1),15
KR_U1629,Weekday,9,14,2,0.1443,LogNormal,TruncGMM(K=4),TruncGMM(K=3),LogNormal,14
KR_U1629,Weekday,10,8,2,0.0825,LogNormal,TruncGMM(K=4),TruncGMM(K=3),LogNormal,8
KR_U1629,Weekday,11,1,2,0.0103,LogNormal,TruncGMM(K=4),TruncGMM(K=3),LogNormal,20
KR_U1629,Weekday,12,0,2,0.0,LogNormal,TruncGMM(K=4),TruncGMM(K=3),LogNormal,20
KR_U283,Weekday,1,0,2,0.0,TruncGMM(K=1),TruncGMM(K=1),TruncGMM(K=1),TruncGMM(K=2),20
KR_U283,Weekday,2,0,2,0.0,TruncGMM(K=1),TruncGMM(K=1),TruncGMM(K=1),TruncGMM(K=2),20
KR_U283,Weekday,3,0,2,0.0,TruncGMM(K=1),TruncGMM(K=1),TruncGMM(K=1),TruncGMM(K=2),20
KR_U283,Weekday,4,1,2,0.0222,TruncGMM(K=1),TruncGMM(K=1),TruncGMM(K=1),TruncGMM(K=2),20
KR_U283,Weekday,5,1,2,0.0222,TruncGMM(K=1),TruncGMM(K=1),TruncGMM(K=1),TruncGMM(K=2),20
KR_U283,Weekday,6,0,2,0.0,TruncGMM(K=1),TruncGMM(K=1),TruncGMM(K=1),TruncGMM(K=2),20
KR_U283,Weekday,7,1,2,0.0222,TruncGMM(K=1),TruncGMM(K=1),TruncGMM(K=1),TruncGMM(K=2),20
KR_U283,Weekday,8,1,2,0.0222,TruncGMM(K=1),TruncGMM(K=1),TruncGMM(K=1),TruncGMM(K=2),20
KR_U283,Weekday,9,1,2,0.0222,TruncGMM(K=1),TruncGMM(K=1),TruncGMM(K=1),TruncGMM(K=2),20
KR_U283,Weekday,10,28,1,0.6222,TruncGMM(K=1),TruncGMM(K=1),TruncGMM(K=2),TruncGMM(K=2),28
KR_U283,Weekday,11,7,2,0.1556,TruncGMM(K=1),TruncGMM(K=1),TruncGMM(K=1),TruncGMM(K=2),7
KR_U283,Weekday,12,5,2,0.1111,TruncGMM(K=1),TruncGMM(K=1),TruncGMM(K=1),TruncGMM(K=2),5
KR_U42,Weekday,1,0,2,0.0,Weibull,Exponential,TruncGMM(K=1),TruncGMM(K=1),20
KR_U42,Weekday,2,0,2,0.0,Weibull,Exponential,TruncGMM(K=1),TruncGMM(K=1),20
KR_U42,Weekday,3,0,2,0.0,Weibull,Exponential,TruncGMM(K=1),TruncGMM(K=1),20
KR_U42,Weekday,4,1,2,0.0208,Weibull,Exponential,TruncGMM(K=1),TruncGMM(K=1),20
KR_U42,Weekday,5,7,2,0.1458,Weibull,Exponential,TruncGMM(K=1),TruncGMM(K=1),7
KR_U42,Weekday,6,4,2,0.0833,Weibull,Exponential,TruncGMM(K=1),TruncGMM(K=1),20
KR_U42,Weekday,7,6,2,0.125,Weibull,Exponential,TruncGMM(K=1),TruncGMM(K=1),6
KR_U42,Weekday,8,7,2,0.1458,Weibull,Exponential,TruncGMM(K=1),TruncGMM(K=1),7
KR_U42,Weekday,9,4,2,0.0833,Weibull,Exponential,TruncGMM(K=1),TruncGMM(K=1),20
KR_U42,Weekday,10,8,2,0.1667,Weibull,Exponential,TruncGMM(K=1),TruncGMM(K=1),8
KR_U42,Weekday,11,8,2,0.1667,Weibull,Exponential,TruncGMM(K=1),TruncGMM(K=1),8
KR_U42,Weekday,12,3,2,0.0625,Weibull,Exponential,TruncGMM(K=1),TruncGMM(K=1),20
KR_U280,Weekend,1,6,2,0.2857,Weibull,TruncGMM(K=2),Weibull,Exponential,6
KR_U280,Weekend,2,4,2,0.1905,Weibull,TruncGMM(K=2),Weibull,Exponential,20
KR_U280,Weekend,3,4,2,0.1905,Weibull,TruncGMM(K=2),Weibull,Exponential,20
KR_U280,Weekend,4,5,2,0.2381,Weibull,TruncGMM(K=2),Weibull,Exponential,5
KR_U280,Weekend,5,0,2,0.0,Weibull,TruncGMM(K=2),Weibull,Exponential,20
KR_U280,Weekend,6,0,2,0.0,Weibull,TruncGMM(K=2),Weibull,Exponential,20
KR_U280,Weekend,7,0,2,0.0,Weibull,TruncGMM(K=2),Weibull,Exponential,20
KR_U280,Weekend,8,0,2,0.0,Weibull,TruncGMM(K=2),Weibull,Exponential,20
KR_U280,Weekend,9,0,2,0.0,Weibull,TruncGMM(K=2),Weibull,Exponential,20
KR_U280,Weekend,10,0,2,0.0,Weibull,TruncGMM(K=2),Weibull,Exponential,20
KR_U280,Weekend,11,1,2,0.0476,Weibull,TruncGMM(K=2),Weibull,Exponential,20
KR_U280,Weekend,12,1,2,0.0476,Weibull,TruncGMM(K=2),Weibull,Exponential,20
KR_U463,Weekday,1,0,2,0.0,TruncGMM(K=3),LogNormal,TruncGMM(K=3),TruncGMM(K=3),20
KR_U463,Weekday,2,0,2,0.0,TruncGMM(K=3),LogNormal,TruncGMM(K=3),TruncGMM(K=3),20
KR_U463,Weekday,3,5,2,0.0388,TruncGMM(K=3),LogNormal,TruncGMM(K=3),TruncGMM(K=3),5
KR_U463,Weekday,4,56,1,0.4341,TruncGMM(K=2),LogNormal,TruncGMM(K=2),Weibull,56
KR_U463,Weekday,5,15,1,0.1163,TruncGMM(K=2),Exponential,LogNormal,Weibull,15
KR_U463,Weekday,6,35,1,0.2713,LogNormal,TruncGMM(K=3),TruncGMM(K=2),LogNormal,35
KR_U463,Weekday,7,15,1,0.1163,Weibull,LogNormal,LogNormal,Weibull,15
KR_U463,Weekday,8,3,2,0.0233,TruncGMM(K=3),LogNormal,TruncGMM(K=3),TruncGMM(K=3),20
KR_U463,Weekday,9,0,2,0.0,TruncGMM(K=3),LogNormal,TruncGMM(K=3),TruncGMM(K=3),20
KR_U463,Weekday,10,0,2,0.0,TruncGMM(K=3),LogNormal,TruncGMM(K=3),TruncGMM(K=3),20
KR_U463,Weekday,11,0,2,0.0,TruncGMM(K=3),LogNormal,TruncGMM(K=3),TruncGMM(K=3),20
KR_U463,Weekday,12,0,2,0.0,TruncGMM(K=3),LogNormal,TruncGMM(K=3),TruncGMM(K=3),20
KR_U1446,Weekend,1,0,2,0.0,Weibull,TruncGMM(K=2),Weibull,Weibull,20
KR_U1446,Weekend,2,0,2,0.0,Weibull,TruncGMM(K=2),Weibull,Weibull,20
KR_U1446,Weekend,3,0,2,0.0,Weibull,TruncGMM(K=2),Weibull,Weibull,20
KR_U1446,Weekend,4,1,2,0.0588,Weibull,TruncGMM(K=2),Weibull,Weibull,20
KR_U1446,Weekend,5,1,2,0.0588,Weibull,TruncGMM(K=2),Weibull,Weibull,20
KR_U1446,Weekend,6,1,2,0.0588,Weibull,TruncGMM(K=2),Weibull,Weibull,20
KR_U1446,Weekend,7,1,2,0.0588,Weibull,TruncGMM(K=2),Weibull,Weibull,20
KR_U1446,Weekend,8,4,2,0.2353,Weibull,TruncGMM(K=2),Weibull,Weibull,20
KR_U1446,Weekend,9,8,2,0.4706,Weibull,TruncGMM(K=2),Weibull,Weibull,8
KR_U1446,Weekend,10,1,2,0.0588,Weibull,TruncGMM(K=2),Weibull,Weibull,20
KR_U1446,Weekend,11,0,2,0.0,Weibull,TruncGMM(K=2),Weibull,Weibull,20
KR_U1446,Weekend,12,0,2,0.0,Weibull,TruncGMM(K=2),Weibull,Weibull,20
KR_U1228,Weekend,1,0,2,0.0,LogNormal,TruncGMM(K=6),LogNormal,Weibull,20
KR_U1228,Weekend,2,0,2,0.0,LogNormal,TruncGMM(K=6),LogNormal,Weibull,20
KR_U1228,Weekend,3,0,2,0.0,LogNormal,TruncGMM(K=6),LogNormal,Weibull,20
KR_U1228,Weekend,4,0,2,0.0,LogNormal,TruncGMM(K=6),LogNormal,Weibull,20
KR_U1228,Weekend,5,1,2,0.0303,LogNormal,TruncGMM(K=6),LogNormal,Weibull,20
KR_U1228,Weekend,6,0,2,0.0,LogNormal,TruncGMM(K=6),LogNormal,Weibull,20
KR_U1228,Weekend,7,0,2,0.0,LogNormal,TruncGMM(K=6),LogNormal,Weibull,20
KR_U1228,Weekend,8,1,2,0.0303,LogNormal,TruncGMM(K=6),LogNormal,Weibull,20
KR_U1228,Weekend,9,28,1,0.8485,LogNormal,TruncGMM(K=5),LogNormal,TruncGMM(K=3),28
KR_U1228,Weekend,10,3,2,0.0909,LogNormal,TruncGMM(K=6),LogNormal,Weibull,20
KR_U1228,Weekend,11,0,2,0.0,LogNormal,TruncGMM(K=6),LogNormal,Weibull,20
KR_U1228,Weekend,12,0,2,0.0,LogNormal,TruncGMM(K=6),LogNormal,Weibull,20
